ID;Categories;Name;Categories;Challenge;1. NO POVERTY;2. ZERO HUNGER;3. GOOD HEALTH & WELL-BEING;4. QUALITY EDUCATION;5. GENDER EQUALITY;6. CLEAN WATER & SANITATION;7. AFFORDABLE & CLEAN ENERGY;8. DECENT WORK & ECONOMIC GROWTH;9. INDUSTRY, INNOVATION & INFRASTRUCTURE;10. REDUCED INEQUALITIES;11. SUSTAINABLE CITIES & COMMUNITIES;12. RESPONSIBLE CONSUMPTION & PRODUCTION;13. CLIMATE ACTION;14. LIFE BELOW WATER;15. LIFE ON LAND;16. PEACE, JUSTICE & STRONG INSTITUTIONS;17. PARTNERSHIPS FOR THE GOALS;1. INFANT AID;2. IMPAIRMENT DEVICES (SIGHT & SOUND);3. DISEASES AID & AWARNESS;4. PROSTHETICS; 5.FOOD SUSTAINABILITY; 6. PERSONAL MOBILITY/AID;7.DISEASES TREATMENT;8. CONSCIENTIUS CONSUMPTION/BEHAVIER;9. SAFETY;10.RECLAIMING THE CITY;11. SELF-SUSTAINING RESOURCES;12. DIGITAL SOCIETY;13. MOBILITY & ALTERNATIV TRANSPORTATION;14. ALTERNATIV ENERGY;15. LIGHT;16.WATER SAVING;17. DISPLACEMENT;18. SAFE WATER;19. FINANSIEL EMPOWERMENT;20. DECENTRALIZATION OF HEALTHCARE (Remote doctors);21. EMPOWER PEOPLE LOCAL;22. PROTECTION FOR WORKERS;23. HEAVY LIFTING/WORK AIDS FOR WORKERS;24. 3 D PRINT;25. SHARING ECONOMY (KNOWLEDGE AND SKILLS);26. PLAY AS PREVENTION OF DISEASE;27. PHYSICAL ENVIRONMENT FOR LEARNING ;28. PURPOSEFUL GAMING;29. Closing the digital divide;30. ALTERNATIVE LEARNING / INFORMATION;31. APPLIED DESIGN THINKING;32. EMPOWERING GIRLS & WOMEN;33. FLEXIBLE LIVING;34. MATERIALS;35. INTERNET OF THINGS;36. SANITATION;37. AFFORDABLE HOUSING;38. PERSONAL EMPOWERMENT;39. BIOMIMICRY;40. CLIMATE ADAPTATION;41. WEARABLES;42. CRISIS RESPONS;43. WASTE MANAGEMENT;44. CIVIL PROMOTION
1;2005;‘c’ system;BODY;Health;;;3;;;;;;;10;;;;;;;;;2;;;;;;;;;;;;;;;;;;;;;;;;;;;;;;;;;;;;38;;;;;;
2;2005;$100 Laptop;PLAY_LEARNING;Digitalization;;;;4;;;;;;10;;;;;;;;;;;;;;;;;;;12;;;;;;;;;21;;;;;;;;29;30;;;;;;;;;;;;;;
3;2005;60 degrees Subway Overhead Support Handle;COMMUNITY;Transportation;;;3;;;;;;;;;;;;;;;;;;;;;;;9;;;;13;;;;;;;;;;;;;;;;;;;;;;;;;;;;;;;
4;2005;A Strategy: Moving America Away from Oil;COMMUNITY;Energy;;;;;;;7;;;;11;12;13;;;;;;;;;;;;;;;11;;;14;;;;;;;;;;;;;;;;;;;;;;;;;;40;;;;
5;2005;Agrobot;COMMUNITY;Enviroment;;2;;;;;;;;;;;13;;15;;;;;;;;;;8;;;;;;;;;;;;;;;;;;;;;;;;;;;;;;;;;;;;
6;2005;AIGA Design for Democracy: Election Design;COMMUNITY;Goverment;;;;;;;;;;10;;;;;;16;;;;;;;;;;;;;;;;;;;;;;;;;;;;;;;;;;;;;;;38;;;;;;44
7;2005;Airman;PLAY_LEARNING;Leisure;;;3;;;;;;;;;;;;;;;;;;;;;;;;;;;;;;;;;;;;;;;;26;;;;;;;;;;;;;;;;;;
8;2005;AMUN – The Pulse of the House;HOME;Energy;;;;;;;;;;;;12;;;;;;;;;;;;;8;;;;;;;;;;;;;;;;;;;;;;30;;;;;;;;;;;;;;
9;2005;Apligraf® Living Skin;BODY;Health;;;;;;;;;9;;;;;;;;;;;;;;;;;;;;;;;;;;;;;;;;;;;;;;30;;;;34;;;;;;;;;;
10;2005;APPLE iTunes, iPod;PLAY_LEARNING;Digitalization;;;;;;;;;9;;;12;;;;;;;;;;;;;;;;;12;;;;;;;;;;;;;25;;;;;;;;;;;;;;;;;;;
11;2005;ApproTEC MoneyMaker Deep Lift Pump;HOME;Water;;;;;;6;;;;;;;;;;;;;;;;;;;;;;11;;;;;;;18;;;;;;;;;;;;30;;;;;;;;;;;;;;
12;2005;ARCHITECTURE FOR HUMANITY;COMMUNITY;Infrastructure;;;3;;;;;;;;11;;;;;;17;;;;;;;;;;;;;;;;;;;;;21;;;;;;;;;;31;;;;;;37;;;;;;;
13;2005;Artificial Heart;BODY;Health;;;3;;;;;;9;;;;;;;;;;;;;;;7;;;;;12;;;;;;;;;;;;;;;;;;;;;;;;;;;;;;;;
14;2005;AXIOM Range of playground products;PLAY_LEARNING;Leisure;;;3;;;;;;;;;;;;;;;;;;;;;;;;10;;;;;;;;;;;;;;;;26;;;;30;;;;;;;;;;;;;;
15;2005;AXN 300 & AXN 500 outdoor computers;PLAY_LEARNING;Leisure;;;3;;;;;;;;;;;;;;;;;;;;;;;;;;;;;;;;;;;;;;;;;;;;;;;;;;;;;;;41;;;
16;2005;Bio Rubber;BODY;Health;;;;;;;;;9;;;;;;;;;;;;;;;;;;;;;;;;;;;;;;;;;;;;;;30;;;;34;;;;;;;;;;
17;2005;Bios Urn;COMMUNITY;Enviroment;;;;;;;;;;;;;13;;;;;;;;;;;;8;;;;;;;;;;;;;;;;;;;;;;;;;;;;;;;;;;;43;
18;2005;BIX Communicative Display Skin for the Kunsthaus Graz;COMMUNITY;Infrastructure;;;;;;;;;;;;;;;;;;;;;;;;;;;10;;;;;;;;;;;;;;;;;;;;30;;;;;;;;;;;;;;
19;2005;Bluetooth Technology;WORK;Digitalization;;;;;;;;;9;;;;;;;;;;;;;;;;;;;;12;;;;;;;;;;;;;;;;;;;;;;;;;;;;;;;;
20;2005;Boase;HOME;Housing;;;;;;;;;;;11;;;;;;;;;;;;;;;;10;;;;;;;;;;;;;;;;;;;;;;;;;;;37;;;;;;;
21;2005;Circles of Care: Improving the hospital experience by empowering the patient’s social network;BODY;Health;;;3;;;;;;;;;;;;;;;;;3;;;;;;;;;12;;;;;;;;;21;;;;;;;;;30;;;;;;;;;;;;;;
22;2005;Claystation;PLAY_LEARNING;Leisure;;;;;;;;;9;;;12;;;;;;;;;;;;;;;;;;;;;;;;;;;;;;;;;;;;31;;;;;;;;;;;;;
23;2005;ClearRx system;BODY;Health;;;;;;;;;;;;12;;;;;;;;3;;;;;;9;;;;;;;;;;;;;;;;;;;;;;;;;;;;;;;;;;;
24;2005;Combined City Vehicle (CCV);BODY;Health;;;;;;;;;;10;11;;;;;;;;;;;;6;;;;;;;13;;;;;;;;;;;;;;;;;;;;;;;;;;;;;;;
25;2005;Copenhagen Habour Bath, Islands Brygge;COMMUNITY;Infrastructure;;;3;;;;;;;;11;;;;;;;;;;;;;;;;10;11;;;;;;;18;;;;;;;;26;;;;;;;;;;;;;;;;;;
26;2005;Corsinel;BODY;Health;;;3;;;;;;;;;;;;;;;;;;;;;7;;;;;;;;;;;;;;;;;;;;;;;;;;;;;;;;;;;;;
27;2005;Create! Don’t Hate. Campaign for Tolerance;COMMUNITY;Inequality;;;3;;;;;;;10;;;;;;;;;;;;;;;;;;;;;;;;;;;;;;;;;;;;;30;31;;;;;;;38;;;;;;
28;2005;DiamondHelp;HOME;Digitalization;;;;;;;;;9;;;12;;;;;;;;;;;;;;;;;12;;;;;;;;;;;;;25;;;;;;;;;;;;;;;;;;;
29;2005;DIANE: A ‘Digital ANalysis Environment’ system;BODY;Safety;;;;;;;;8;9;;;;;;;;;;;3;;;;;;;;;12;;;;;;;;;;;;;;;;;;;;;;;;;;;;;;;;
30;2005;drowning.defender;BODY;Safety;;;;;;;;;9;;;;;;;;;;;;;;;;;9;;;;;;;;;;;;;;;;;;;;;;;;;;;;;;;;;;;
31;2005;DYSON Vacuum Cleaner;HOME;Sustainable living;;;;;;;;;9;;;;;;;;;;;;;;;;8;;;;;;;;;;;;;;;;;;;;;;;;;;;;;;;;;;;;
32;2005;E-BAY, newest version;COMMUNITY;Infrastructure;;;;;;;;8;;;;;;;;;;;;;;;;;;;;;12;;;;;;;;;21;;;;;;;;;;;;;;;;;;;;;;;
33;2005;Eifelland DESEO, light-weight and absolute low-price caravan;PLAY_LEARNING;Leisure;;;;;;;;;;;;;;;;;;;;;;;;;;;;;;13;;;;;;;;;;;;;;;;;;;;;;;;;;;;;;;
34;2005;Electric powered vehicle;COMMUNITY;Transportation;;;3;;;;;;;10;;;;;;;;;;;;;;;;;;;;13;;;;;;;;;;;;;;;;;;;;;;;;;;;;;;;
35;2005;Fab Tree Hab;COMMUNITY;Infrastructure;;;;;;;;;;;11;;;;15;;;;;;;;;;;;10;;;;;;;;;;;;;;;;;;;;30;;;;;;;;;;;;;;
36;2005;Fiskars Universal Convenience Cutter;WORK;Working conditions;;;;;;;;8;;;;;;;;;;;;;;;;;;;;;;;;;;;;;;;;;;;;;;;;;;;;;;;;;;;;;
37;2005;Flexor- active wheelchair prototype;BODY;Health;;;;;;;;;;10;;;;;;;;;;;;;6;;;;;;;13;;;;;;;;;;;;;;;;;30;;;;;;;;;;;;;;
38;2005;Ford Plant Green Roof;COMMUNITY;Infrastructure;;;;;;;;;;;;;13;;15;;;;;;;;;;;;;11;;;;;;;;;;;;;;;;;;;;;;;;;;;;;40;;;;
39;2005;Google;COMMUNITY;Infrastructure;;;;4;;;;8;;10;;;;;;;;;;;;;;;;;;;12;;;;;;;;;;;;;25;;;;29;30;;;;;;;;;;;;;;
40;2005;GRID;PLAY_LEARNING;Leisure;;;;;;;;;;;;;;;;;;;;;;;;;;;;;;;;;;;;;;;;;;;;;;;;31;;;;;;;;;;;;;
41;2005;Grippa Clips to Stop Bag Dippers and Lifters;COMMUNITY;Safety;;;;;;;;;;;;;;;;;;;;;;;;;;9;;;;;;;;;;;;;;;;;;;;;;;;;;;;;;;;;;;
42;2005;Guaraná Power;WORK;Working conditions;1;;;;;;;;;10;;;;;;;;;;;;;;;;;;;;;;;;;;;;21;;;;;;;;;;;;;;;;;;;;;;;
43;2005;Harvester Heat;HOME;Energy;;;;;;;7;;;;;;;;;;;;;;;;;;;;;11;;;14;;;;;;;;;;;;;;;;;;;;;;;;;;;;;;
44;2005;HealthNet;BODY;Health;;;3;;;;;;9;;;;;;;;;;;;;;;7;;;;;12;;;;;;;;;;;;;;;;;;;;;;;;;;;;;;;;
45;2005;Hippo Roller;HOME;Water;;;;;5;6;;;;;;;;;;;;;;;;;;;;;;;;;;;16;;;;;;;;;;;;;;;;;;;;;;;;;;;;
46;2005;Home Tanker 100L;HOME;Water;;;;;;6;;;;;;;;;;;;;;;;;;;;;;;;;;;;;18;;;;;;;;;;;;;;;;;;;;;;;;;;
47;2005;Håg Swing;WORK;Working conditions;;;3;;;;;;;;;;;;;;;;;;;;;;;;;;;;;;;;;;;;;;;;;;;;;;;;;;;;;;;;;;
48;2005;iBOT™ Mobility System;BODY;Health;;;;;;;;;;10;;;;;;;;;;;;;6;;;;;;;13;;;;;;;;;;;;;;;;;;;;;;;;;;;;;;;
49;2005;iMac G5;WORK;Digitalization;;;;;;;;;9;;;;;;;;;;;;;;;;;;;;12;;;;;;;;;;;;;;;;;;;;;;;;;;;;;;;;
50;2005;InterPlay;PLAY_LEARNING;Digitalization;;;;;;;;;;;;;;;;;;;;;;;;;;;;;12;;;;;;;;;;;;;;;;;;;;32;33;;;;;;;;;;;
51;2005;iPlus 2G3G with WiFi;COMMUNITY;Infrastructure;;;;;;;;;;;11;;;;;;;;;;;;;;;;10;;;;;;;;;;;;;;;;;;;;30;;;;;;;;;;;;;;
52;2005;Karrysafe bags and accessories;BODY;Safety;;;;;;;;;;;;;;;;;;;;;;;;;;;;;;;;;;;;;;;;;;;;;;;;;;;;;;;;;;;;;
53;2005;Kinkajou Portable Library and Projector;PLAY_LEARNING;Education;;;;4;;;;;;;;;;;;;;;;;;;;;;;;;12;;;;;;;;;;;;;;;;;29;30;;;;;;;;;;;;;;
54;2005;Kurumono Kitchen;HOME;Housing;;;;;;;;;9;10;;;;;;;;;;;4;;6;;;;;;;;;;;;;;;;;;;;;;;;;;;33;;;;;38;;;;;;
55;2005;LIFESTRAW;HOME;Water;;;3;;;6;;;;;;;;;;;;;;;;;;;;;;;;;;;;;18;;;;;;;;;;;;;;;;;;;;;;;;;;
56;2005;LINUX;COMMUNITY;Infrastructure;;;;;;;;;9;10;;;;;;;;;;;;;;;;;;;12;;;;;;;;;;;;;;;;;;;;;;;;;;;;;;;;
57;2005;MAGNETUDE;PLAY_LEARNING;Leisure;;;;;;;;;;;;;;;;;;;;;;;;;;;;;;;;;;;;;;;;;;;;;;;;;;;34;;;;;;;;;;
58;2005;Material Explorer – Material Selection Support Tool for Designers;WORK;Digitalization;;;;;;;;;;;;12;;;;;;;;;;;;;;;;;;;;;;;;;;;;;;;;;;;;31;;;34;;;;;;;;;;
59;2005;MICUS stretcher;BODY;Health;;;3;;;;;;;;;;;;;;;;;;;;;7;;;;;;;;;;;;;;;;;;;;;;;;;;;;;;;;;;;;;
60;2005;Mobile.Seed;COMMUNITY;Enviroment;;;;;;;;;;;;12;;;;;;;;;;;;;8;;;;;;;;;;;;;;;;;;;;;;;;;;;;;;;;;;;;
61;2005;Moon;HOME;Sustainable living;;;;;;;;;;;;12;;;;;;;;;;;;;8;;;;;;;;;;;;;;;;;;;;;;;;;;;;;;;39;;;;;
62;2005;Museu da Casa Brasileira, Education and exhibitions;PLAY_LEARNING;Education;;;;4;;;;;;;;;;;;;;;;;;;;;;;;;;;;;;;;;;21;;;;;;27;;;30;31;;;;;;;;;;;;;
63;2005;ÑANDEVA – Three-National Design & handicraft project;PLAY_LEARNING;Education;;;;;;;;8;9;;;12;;;;;;;;;;;;;;;;;;;;;;;;;;21;;;;;;;;;30;;;;;;;;;;;;;;
64;2005;NCC Concept House – the house without energy bills;HOME;Energy;;;;;;;7;;;;11;;;;;;;;;;;;;;;;10;;;;;;;;;;;;;;;;;;;;;;;;;;;37;;;;;;;
65;2005;Neotopia – Atlas of equitable distribution of the world;PLAY_LEARNING;Education;;;;4;;;;;;;;;;;;;;;;;;;;;;;;;;;;;;;;;;;;;;;;;;;30;;;;;;;;;;;;;;
66;2005;NurseBot: Personal Mobile Robotic Assistants for the Elderly;WORK;Digitalization;;;;;;;;;;;;;;;;16;;;;;;;;;;;;;12;;;;;;;;;;;;;;;;;;;;;;;;;;;;;;;;
67;2005;OBSERVATORIO IBEROAMERICANO;PLAY_LEARNING;Education;1;;;4;;;;8;9;;;;;;;;;;;;;;;;;;;;12;;;;;;;;;21;;;;;;;;;30;;;;;;;;;;;;;;
68;2005;ORBIS Flying Eye Hospital;BODY;Health;;;3;;;;;;9;;;;;;;;;;;;;;;;;;;;;13;;;;;;;20;;;;;;;;;;;;;;;;;;;;;;;;
69;2005;OUTREACH, Designs for a Mobile Health Clinic to Combat HIV/AIDS in Africa;COMMUNITY;Infrastructure;;;3;;;;;;;;;;;;;;;;;;;;;;;;;;;;;;;;;;20;;;;;;;;;;;;;;;;;;;;;;;;
70;2005;paraSITE: New York City variant (2000-present);HOME;Housing;1;;;;;;;;;10;;;;;;;;;;;;;;;;;10;;;;;;;17;;;;;;;;;;;;;;;;;;;;;;;;;;;
71;2005;Personal Water Cleaner OPV;HOME;Water;;;3;;;6;;;;;;;;;;;;;;;;;;;8;9;;;;;;;;;18;;;;;;;;;;;;;;;;;;;;;;;;;;
72;2005;Power Mac 5/Cinema Display system;PLAY_LEARNING;Digitalization;;;;;;;;;9;;;;;;;;;;;;;;;;;;;;12;;;;;;;;;;;;;;;;;;;;;;;;;;;;;;;;
73;2005;Project Fox;COMMUNITY;Communication;;;;;;;;;;;;;;;;;;;;;;;;;;;;;;;;;;;;;;;;;;;;;;;;;;;;;;;;;;;;;
74;2005;Project Infusion;WORK;Poverty;1;;;;;;;;;10;;;;;;;;;;;;;;;;;;;12;;;;;;;;;21;;;;;;;;;;;;;;;;;;;;;;;
75;2005;Rescuerunner;WORK;Working conditions;;;;;;;;;9;;;;;;;;;;;;;;;;;9;;;12;;;;;;;;;;;23;;;;;;;;;;;;;;;;;;;;;
76;2005;RIQUADRO Design data contextualization and analysis system;PLAY_LEARNING;Digitalization;;;;;;;;;9;;;;;;;;;;;;;;;;;;;;12;;;;;;;;;;;;;;;;;;;;;;;;;;;;;;;;
77;2005;Round Zone Container;HOME;Sustainable living;;;;;;;;;;;;;;;;;;;;;;;;;;;;;;;;;;;;;;;;;;;;;;;;;;;;;;;;;;;;;
78;2005;Sandbug and Gofer;WORK;Working conditions;;;;;;;;8;;;;;;;;;;;;;;;;;;;;;;;;;;;;;;;;23;;;;;;;;;;;;;;;;;;;;;
79;2005;ScooterDesk;WORK;Working conditions;;;3;;;;;8;;;;;;;;;;;;;;;;;;;;;12;;;;;;;;;;;23;;;;;;;;;;;;;;;;;;;;;
80;2005;SIM Carpet Simulation;COMMUNITY;Enviroment;;;;;;;;;;;;12;;;;;;;;;;;;;8;;;11;;;;;;;;;;;;;;;;;;;;;;;;;;;;;;;;;
81;2005;Simple Toilet-Emergency Sanitation;BODY;Health;;;3;;;6;;;;;;;;;;;;;;;;;;;;;;;;;;;;;;;;;;;;;;;;;;;;;;;36;;;;;;;;
82;2005;SimplyCity;COMMUNITY;Infrastructure;;;;;;;;;;;11;;;;;;;;;;;;;;;;10;;;;;;;;;;;;;;;;;;;;;;;;;;;;;;;;;;
83;2005;SitBag;PLAY_LEARNING;Leisure;;;;;;;;;;;;;;;;;;;;;;;;;;;;;;;;;;;;;;;;;;;;;;;;;;33;;;;;;;;;;;
84;2005;Skype;COMMUNITY;Communication;;;;;;;;8;;10;;;;;;;;;;;;;;;;;;;12;;;;;;;;;;;;;;;;;29;;;;;;;;;;;;;;;
85;2005;Snail Housetrap;HOME;Sustainable living;;;;;;;;;;;;;;;;;;;;;;;;;;;;;;;;;;;;;;;;;;;;;;;30;;;;;;;;;;;;;;
86;2005;Socialcommercialism;COMMUNITY;Enviroment;;;3;;;;;;;10;;12;;;;;;;;;;;;;8;;;;;;14;;;;;;;;;;;;;;;;;31;;;;;;;;;;41;;;
87;2005;SOFTWALL;HOME;Sustainable living;;;;;;;;;9;;;12;;;;;;;;;;;;;8;;;;;;;;;;;;;;;;;;;;;;;;;33;;;;;;;;;;;
88;2005;Solar pasteurisation unit;HOME;Water;;;3;;;6;;;;;;;;;;;;;;;;;;;;;;;;;;;;;18;;;;;;;;;;;;;;;;;;;;;;;;;;
89;2005;Solar Surgery Light;WORK;Working conditions;;;3;;;;;8;;;;;;;;;;;;;;;;;;;;11;;;;15;;;;;20;;;;;;;;;;;;;;;;;;;;;;;;
90;2005;SpaceShipOne;COMMUNITY;Transportation;;;;;;;;8;9;;;;;;;;;;;;;;;;;;;;;13;;;;;;;;;;;;;;;;;;;;;;;;;;;;;;;
91;2005;SpeediCath Compact;BODY;Health;;;3;;;;;;;;;;;;;;;;;;;;;7;;;;;;;;;;;;;;;;;;;;;;;;;;;;;;;;;;;;;
92;2005;SQFlex;HOME;Water;;;;;;6;7;;;;;;;;;;;;;;;;;;;;;11;;;;;;;18;;;;;;;;;;;;;;;;;;;;;;;;;;
93;2005;Sun Shelter Pavilion, Frank Rice Safehaven;HOME;Housing;1;;;;;;;;;10;;;;;;;;;;;;;;;;;10;;;;;;;17;;;;;;;;;;;;;;;;;;;;;;;;;;;
94;2005;Syopa (= cancer in Finnish) trademark;COMMUNITY;Communication;;;3;;;;;;;;;;;;;;17;;;3;;;;;8;;;;;;;;;;;;;;;;;;;;;;;31;;;;;;;;;;;;;
95;2005;Tank Park;PLAY_LEARNING;Leisure;;;;;;;;;;;;;;14;;;;;;;;;;;8;;;;;;;;;;;;;;;;;;;;;;;;;;;;;;;;;;;;
96;2005;Tennis racket pick-up ball accessory;PLAY_LEARNING;Leisure;;;;;;;;;;;;;;;;;;;;;;;;;;;;;;;;;;;;;;;;;;;;;;;;;;;;;;;;;;;;;
97;2005;The ‘RAM-Exchange': Informality as ICT Interface Model;WORK;Money;;;;;;;;8;;;;;;;;;;;;;;;;;;;;;12;;;;;;;19;;;;;;;;;;;;;;;;;;;;;;;;;
98;2005;The “SOS” Infant Nursing Packs;BODY;Health;;;3;;;;;;;;;;;;;;;1;;;;;;;;;;;;;;;;;;;20;;;;;;;;;;;;;;;;;;;;;;;;
99;2005;The EcoSource project;COMMUNITY;Enviroment;;;;;;;;;;;;12;;;;;;;;;;;;;;;;;;;;;;;;;;;;;;;;;;;30;;;;;;;;;;;;;;
100;2005;The Evolutionary Housing System;HOME;Housing;;;;;;;;;;;11;;;;;;;;;;;;;;;;10;;;;;;;;;;;;;;;;;;;;;;;;;;;;;;;;;;
101;2005;The Helping Hand, IDAS I;BODY;Health;;;3;;;;;;9;;;;;;;;;;;3;;;;;;9;;;;;;;;;;;;;;;;;;;;;;;;;;;;;;;;;;;
102;2005;The Lifeport Kidney Transporter;BODY;Health;;;3;;;;;;9;;;;;;;;;;;;;;;7;;;;;;;;;;;;;;;;;;;;;;;;;;;;;;;;;;;;;
103;2005;the vOICe;BODY;Health;;;;;;;;;9;10;;;;;;;;;2;;;;;;;;;;12;;;;;;;;;;;;;;;;;;;;;;;;;;;;;;;;
104;2005;Toyota Prius;COMMUNITY;Transportation;;;;;;;;;9;;11;;;;;;;;;;;;;;;;;;;13;;;;;;;;;;;;;;;;;;;;;;;;;;;;;;;
105;2005;Trijak – a new watercraft;PLAY_LEARNING;Leisure;;;3;;;;;;;;;;;;;;;;;;;;;;;;;;;13;;;;;;;;;;;;;26;;;;;;;;;;;;;;;;;;
106;2005;trioBike;COMMUNITY;Transportation;;;;;;;;;;;11;;;;;;;;;;;;;;;;;;;13;;;;;;;;;;;;;;;;;;;;;;;;;;;;;;;
107;2005;Turbo Stove;HOME;Safety;;;3;;;;7;;;;;;;;;;;;;;;;;;;9;;11;;;;;;;;;;;;;;;;;;;;;;;;;;;;;;;;;
108;2005;Unplugged – Mobilizing Power;COMMUNITY;Energy;;;;;;;7;;;;;;;;;;;;;;;;;;;;;;;;14;;;;;;;;;;;;;;;;;;;;;;;;;;;;;;
109;2005;Vivid-i;BODY;Health;;;3;;;;;;9;;;;;;;;;;;;;;;7;;;;;;;;;;;;;;;;;;;;;;;;;;;;;;;;;;;;;
110;2005;WIKI Software: Beyond Blogs;COMMUNITY;Communication;;;;4;;;;;;;;;;;;16;;;;;;;;;;;;;12;;;;;;;;;;;;;;;;;29;30;;;;;;;;;;;;;;
111;2005;Wovin Wall System;HOME;Sustainable living;;;;;;;;;;;;;;;;;;;;;;;;;8;;;;;;;;;;;;;;;;;;;;;;;;;;;;;;;;;;;;
112;2005;Xtreme West;PLAY_LEARNING;Leisure;;;3;;;;;;;;11;;;;;;;;;;;;;;;;10;;;;;;;;;;;;;;;;26;;;;;;;;;;;;;;;;;;
113;2005;Zip-Shelter;HOME;Housing;1;;;;;;;;;10;;;;;;;;;;;;;;;;;10;;;;;;;17;;;;;;;;;;;;;;;;;;;;;;;;;;;
114;2007;6LOCKERS;HOME;Housing;;;;;;;;;;10;;;;;;;;;;;;;;;;;10;;;;;;;17;;;;;;;;;;;;;;;;;;;;;;;;;;;
115;2007;A BRIDGE 2 FAR;COMMUNITY;Infrastructure;;;;;;;;;9;;11;;;;;;;;;;;;;;;;10;;;;;;;;;;;;;;;;;;;;;31;;;;;;;;;40;;;;
116;2007;AIRWASH;HOME;Sustainable living;;;;;;;;;;;;12;;;;;;;;;;;;;;;;11;;;14;;16;;;;;;;;;;;;;;30;;;;;;;;;;;;;;
117;2007;ANYBODY MODELLING SYSTEM;WORK;Digitalization;;;;;;;;;9;;;;;;;;;;;;;;;;;;;;12;;;;;;;;;;;;;;;;;;;;;;;;;;;;;;;;
118;2007;AQUARIUS Keyboard;WORK;Digitalization;;;;;;;;;;10;;;;;;;;;;;;;;;;;;;12;;;;;;;;;;;;;;;;;29;;;;;;;;;38;;;;;;
119;2007;BASF HEAT Concepts;HOME;Safety;;;;;;;;;;;;;;;;;;;;;;;;;;;;11;;;;15;;;;;;;;;;;;;;;;;;;;;;;;;;;;;
120;2007;BCK SOLAR COOKER;HOME;Sustainable living;;;;;;;7;;;;;;;;;;;;;;;;;;;;;11;;;14;;;;;;;;;;;;;;;;;;;;;;;;;;;;;;
121;2007;BLACKENED CIGARETTES;BODY;Health;;;;;;;;;;;;12;;;;;;;;;;;;;;;;;;;;;;;;;;;;;;;;;;;;;;;;;;;;;;;;;
122;2007;BLUETOOTH HANDS FREE CAR KIT;COMMUNITY;Safety;;;;;;;;;9;;;;;;;;;;;;;;;;;9;;;;;;;;;;;;;;;;;;;;;;;;;;;;;;;;;;;
123;2007;C-CAP;BODY;Health;;;3;;;;;;9;;;;;;;;;;;;;;;7;;;;;;;;;;;;;;;;;;;;;;;;;;;;;;;;;;;;;
124;2007;CAROMA;HOME;Sanitation;;;;;;6;;;;;;12;;;;;;;;;;;;;;;;11;;;;;16;;;;;;;;;;;;;;;;;;;;36;;;;;;;;
125;2007;CASSETTE 3IN1;WORK;Working conditions;;;3;;;;;8;;;;;;;;;;;;;;;;;;9;;;;;;;;;;;;;22;;;;;;;;;;;;;;;;;;;;;;
126;2007;CATERPILLAR SCOOP;COMMUNITY;Transportation;;;3;;;;;;;10;;;;;;;;;;;;;6;;;;;;;13;;;;;;;;;;;;;;;;;;;;;;;;;;;;;;;
127;2007;CHANGING LIVES;PLAY_LEARNING;Education;;;;4;;;;;;;;;;;;;;;;;;;;;;;;;;;;;;;;;;;;;;;;27;;;;31;;;;;;;;;;;;;
128;2007;CITY CAB;COMMUNITY;Transportation;;;;;;;;;;;11;;;;;;;;;;;;;;;;;;;13;;;;;;;;;;;;;;;;;;;;;;;;;;;;;;;
129;2007;COLLECTION NÈOVI;BODY;Sustainable living;;;;;;;;;;10;;;;;;;;;;;;;6;;;;;11;;;;;;;;;;;;;;;;;;;;;;;;;;;;;;;;;
130;2007;CONCRETE CANVAS SHELTER;HOME;Housing;1;;3;;;;;;;;;;;;;;;;;;;;;;;;;;;;;;;17;;;;;;;;;;;;;;;;;;;;;;;;;;;
131;2007;CONGO RIVER MALARIA HEALTHCARE SYSTEM (USA);BODY;Safety;;;3;4;;;;;;;;;;;;;;;;;;;;;;9;;;;;;;;;;;;;;;;;;;;;30;31;;;;;;;;;;;;;
132;2007;COVER;HOME;Sustainable living;;;;;;;;;;;;12;;;;;;;;;;;;;;;;11;;;;;;;;;;;;;;;;;;;;;;;;;;;;;;;;;
133;2007;DAILY DUMP;HOME;Sustainable living;;;;;;;;;;;;12;;;15;;;;;;;;;;8;;;11;;;;;;;;;;;;;;;;;;;;;;;;;;;;;;;;;
134;2007;DIABET-COOL;BODY;Health;;;3;;;;;;;;;;;;;;;;;3;;;;7;;9;;;;;;;;;;;;;;;;;;;;;;;;;;;;;38;;;;;;
135;2007;DONGTAN ECO-CITY;COMMUNITY;Enviroment;;;;;;;;8;;;11;;13;;15;;;;;;;5;;;;;10;;;;14;;16;;18;;;;;;;;;;;;;;;;;;;;;;;;;;
136;2007;DROPPING KNOWLEDGE;COMMUNITY;Communication;;;;4;;;;;;;;;;;;;17;;;;;;;;;;;;;;;;;;;;;;;;;;;;;;30;;;;;;;;;;;;;;
137;2007;ECOLOGICAL FOOTPRINT;COMMUNITY;Climate;;;;;;;;;;;;12;;;;;;;;;;;;;;;;;12;;;;;;;;;;;;;;;;;;30;;;;;;;;;;;;;;
138;2007;EMPTICON;WORK;Working conditions;;;;;;;;8;;;;;;;;;;;;;;;;;;;;;;;;;;;;;;;;23;;;;;;;;;;;;;;;;;;;;;
139;2007;ESCAPE FROM DIAB;PLAY_LEARNING;Education;;;3;4;;;;;;;;;;;;;;;;;;;;;;;;;;;;;;;;;;;;;;;26;;28;;;31;;;;;;;;;;;;;
140;2007;FREE GO;HOME;Sustainable living;;;;;;;7;;;;;12;;;;;;;2;;;;;;;;;11;;;;;;;;;;;;;;;;;;;;;;;;;;;38;;;;;;
141;2007;FREEDOM OF CREATION;WORK;Digitalization;;;;;;;;;9;;;;;;;;;;;;;;;;;;;;12;;;;;;;;;;;;;;;;;;;;;;;;;;;;;;;;
142;2007;GRUNDFOS NONOX DOSING SYSTEM;COMMUNITY;Enviroment;;;;;;;;;9;;11;12;;;15;;;;;;;;;;;;;11;;;;;;;;;;;;;;;;;;;;;;;;;;;;;;;;;
143;2007;GUBI CHAIR II COLLECTION;HOME;Housing;;;;;;;;;;;;12;;;;;;;;;;;;;;;;11;;;;;;;;;;;;;;;;;;;;;;;;;;;;;;;;;
144;2007;HALLEY VI;HOME;Sustainable living;;;;;;;;;;;;;13;;15;;;;;;;;;;8;;;11;;;;;;;;;;;;;;;;;;;;;;;;;;;;;;;;;
145;2007;HEALING;PLAY_LEARNING;Education;;;;4;;;;;;;;;;;;;;;;;;;;;;;;;;;;;;;;;;;;;;;;27;;;;;;;;;;;;;;;;;
146;2007;HYDRO WALL;HOME;Sustainable living;;2;;;;;;;;;;;;;15;;;;;;;;;;;;;11;;;;;16;;;;;;;;;;;;;;30;;;;;;;;;;;;;;
147;2007;HYPO HOIST;BODY;Safety;;;;;;;;;9;;;;;;;;;;;;;;;;;9;;;;;;;;;;;;;;;;;;;;;;31;;;;;;;;;;;;;
148;2007;I FLASHER;COMMUNITY;Safety;;;;;;;;;;;11;;;;;;;;;;;;;;;9;;;;;;15;;;;;;;;;;;;;;;;;;;;;;;;;;;;;
149;2007;IMPRINT;HOME;Sustainable living;;;;;;;;;;;;12;;;;;;;;;;;;;;;;11;;;;;;;;;;;;;;;;;;;;;;;;;;;;;;;;;
150;2007;IMPROVED HELMET TECHNOLOGY (IHT);BODY;Safety;;;3;;;;;;;;;;;;;;;;;;;;;;;9;;;;;;;;;;;;;;;;;;;;;;;;;;;;;;;;;;;
151;2007;INKWELL SPARK COMPUTING DEVICE;PLAY_LEARNING;Education;;;;4;;;;;;10;;;;;;;;;;;;;;;;;;;12;;;;;;;;;;;;;;;;;29;;;;;;;;;;;;;;;
152;2007;INSULET OMNIPOD DIABETES MANAGEMENT;BODY;Health;;;3;;;;;;9;;;;;;;;;;;;;;;7;;;;;;;;;;;;;;;;;;;;;;;;;;;;;;;;;;;;;
153;2007;INTERNET TERMINAL FOR AFRICA;COMMUNITY;Inequality;;;;;;;;;;10;;;;;;;;;;;;;;;;;;;;;;;;;;;;;;;;;;;;29;;;;;;;;;;;;;;;
154;2007;iUVO;BODY;Health;;;3;;;;;;9;;;;;;;;;1;;;;;;;;;;;;;;;;;;;;;;;;;;;;;;;;;;;;;38;;;;;;
155;2007;JACK;HOME;Safety;;;;;;;7;;;;;;;;;;;;;;;;;;;;;11;;;14;;;;;;;;;;;;;;;;;;;;;;;;;;;;;;
156;2007;JOYN;WORK;Working conditions;;;;;;;;;;;;12;;;;;;;;;;;;;;;;;;;;;;;;;;;;;;;;;;;;;;33;;;;;;;;;;;
157;2007;KAOSPILOTS INTERNATIONAL;PLAY_LEARNING;Education;;;;4;;;;;;;;;;;;;;;;;;;;;;;;;;;;;;;;;;;;;;;;;;;30;;;;;;;;;;;;;;
158;2007;KEEP THE CHANGE;WORK;Money;;;;;5;;;;;;;;;;;;;;;;;;;;;;;;12;;;;;;;;;;;;;;;;;;;;32;;;;;;;;;;;;
159;2007;KIKKERLAND;PLAY_LEARNING;Education;;;3;4;;;;;;10;;;;;;;;;;;;;;;;;;;;;;;;;;;;;;;;;26;;28;;30;;;;;;;;;;;;;;
160;2007;KVADRAT SOFT CELLS;WORK;Working conditions;;;;;;;;8;;;;;;;;;;;;;;;;;8;;;;;;;;;;;;;;;;;;;;;;;;;33;;;;;;;;;;;
161;2007;LEGO MINDSTORMS NXT;PLAY_LEARNING;Education;;;;4;;;;;9;;;;;;;;;;;;;;;;;;;;12;;;;;;;;;;;;;;;;28;;30;;;;;;;;;;;;;;
162;2007;MANY HELPING HANDS APPROACH;COMMUNITY;Inequality;;;3;;;;;;;10;;;;;;;;;;3;;;;7;;;;;;;;;;;;;;;;;;;;;;;;31;;;;;;;;;;;;;
163;2007;MAT ( MECHANICAL ADVANTAGE TOURNIQUET);BODY;Safety;;;3;;;;;;9;;;;;;;;;;;;;;;;;9;;;;;;;;;;;;;;;;;;;;;;31;;;;;;;;;;;;;
164;2007;MEDICINUS;BODY;Safety;;;3;;;;;;;;;;;;;;;;;;;;;7;;;;;;;;;;;;;;;;;;;;;;;;;;;;;;;;;;;;;
165;2007;MOBILITY FOR EACH ONE;BODY;Health;;;;;;;;;9;10;;;;;;;;;;;4;;;;;;;;;13;;;;;;;;;;;;;;;;;;;;;;;;;;;;;;;
166;2007;MOUNTIT;WORK;Working conditions;;;3;;;;;8;;;;;;;;;;;;;;;;;;;;;;13;;;;;;;;;;23;;;;;;;;;;;;;;;;;;;;;
167;2007;MOUSE CAP;WORK;Working conditions;;;;;;;;;;10;;;;;;;;;2;;;;;;;;;;;;;;;;;;;;;;;;;;;;;;;;;;;;;;;;;;
168;2007;MUKANA;COMMUNITY;Inequality;;;3;;;;;;;10;;;;;;;;;2;;;;;;;;;;;;;;;;;;;;;;;;;;;29;;;;;;;;;;;;;;;
169;2007;MYGO;COMMUNITY;Inequality;;;3;;;;;;;10;;;;;;;;;2;;;;;;;;;;;13;;;;;;;;;;;;;;;;;;;;;;;;;;;;;;;
170;2007;NEPTUNIC C SUIT;WORK;Working conditions;;;;;;;;;;;;;;;;;;;;;;;;;;;;;;;;;;;;;;;22;;;;;;;;;;;;;;;;;;;;;;
171;2007;OLPC XO;COMMUNITY;Inequality;;;;4;;;;;;10;;;;;;;;;;;;;;;;;;;;;;;;;;;;;;;;;;;;29;30;;;;;;;;;;;;;;
172;2007;OPTALERT;COMMUNITY;Safety;;;3;;;;;;;;;;;;;;;;;;;;;;;9;;;;;;;;;;;;;;;;;;;;;;;;;;;;;;;;;;;
173;2007;ORDRUP SCHOOL;PLAY_LEARNING;Education;;;;4;;;;;;;;;;;;;;;;;;;;;;;;;;;;;;;;;;;;;;;;27;;;30;;;;;;;;;;;;;;
174;2007;OTICON DELTA;BODY;Health;;;3;;;;;;9;;;;;;;;;;2;;;;;;;;;;;;;;;;;;;;;;;;;;;;;;;;;;;;;;;;;;
175;2007;PACKAGING AND IDENTITY FOR PANGEA ORGANICS;COMMUNITY;Enviroment;;;;;;;;;;;;12;;;;;;;;;;;;;8;;;;;;;;;;;;;;;;;;;;;;;;;;;;;;;;;;;;
176;2007;PERSONAL ALARM TRANSMITTER;BODY;Safety;;;3;;;;;;9;;;;;;;;;;;;;;;;;9;;;;;;;;;;;;;;;;;;;;;;;;;;;;;;;;;;;
177;2007;PLAY.orchestra;PLAY_LEARNING;Leisure;;;;4;;;;;;;;;;;;;;;;;;;;;;;;;12;;;;;;;;;;;;;;26;27;;;;;;;;;;;;;;;;;
178;2007;POLICY DESIGN BY CITIZENS;COMMUNITY;Goverment;;;;;;;;;;10;;;;;;16;;;;;;;;;;;;;;;;;;;;;;21;;;;;;;;;;31;;;;;;;;;;;;;
179;2007;POWERPLANTS AND POWERSEEDS;COMMUNITY;Energy;;;;;;;7;;;;11;;;;;;;;;;;;;;;;;;;;;15;;;;;;;;;;;;;;;;;;;;;;;;;;;;;
180;2007;PROGRESSIVE SHELTER SYSTEM;HOME;Housing;1;;;;;;;;;10;;;;;;;;;;;;;;;;;10;;;;;;;17;;;;;;;;;;;;;;;;;;;;;;;;;;;
181;2007;PUMA BIKE;COMMUNITY;Transportation;;;;;;;;;;;11;;13;;;;;;;;;;;;;;;;;13;;;;;;;;;;;;;;;;;;;;;;;;;;;;;;;
182;2007;RAMPSNAKE;WORK;Working conditions;;;;;;;;;9;;;;;;;;;;;;;;;;;;;;;;;;;;;;;;;23;;;;;;;;;;;;;;;;;;;;;
183;2007;RAVELIN 3;WORK;Working conditions;;;3;;;;;8;;;;;;;;;;;;;;;;;;;;;;;;;;;;;;;22;;;;;;;;;;;;;;;;;;;;;;
184;2007;RESI;WORK;Working conditions;;;3;;;;;8;;;;;;;;;;;;;;;;;;;;;;;;;;;;;;;22;;;;;;;;;;;;;;;;;;;;;;
185;2007;SAFER PARAFFIN DISTRIBUTION SYSTEM;HOME;Safety;;;3;;;;;;;;;;;;;;;;;;;;;;;9;;11;;;;;;;;;;;;;;;;;;;;;;;;;;;;;;;;;
186;2007;SAHEL;COMMUNITY;Inequality;;2;;;;;;8;;;;;;;15;;;;;;;;;;8;;;11;;;;;;;;;;21;;;;;;;;;30;;;;;;;;;;;;;;
187;2007;SAM (Sound Activity Meter);BODY;Health;;;3;;;;;;9;;;;;;;;;;2;;;;;;;;;;;;;;;;;;;;;;;;;;;;;;;;;;;;;;;;;;
188;2007;SECOND LIFE;PLAY_LEARNING;Education;;;;4;;;;;9;;;;;;;;;;;;;;;;;;;;12;;;;;;;;;;;;;;;;28;;30;;;;;;;;;;;;;;
189;2007;SEPERATE;COMMUNITY;Enviroment;;;;4;;;;;;;;12;13;;;;;;;;;;;;8;;10;;;;;;;;;;;;;;;;;;;;30;;;;;;;;;;;;;43;
190;2007;SHARER;HOME;Sustainable living;;;;;;;;;;;;12;;;;;;;;;;;;;;;;;12;;;;;;;;;;;;;25;;;;;;;;;;;;;;;;;;;
191;2007;SHELTER ORIGAMI;HOME;Housing;1;;;;;;;;;10;;;;;;;;;;;;;;;;;10;;;;;;;17;;;;;;;;;;;;;;;;;;;;;;;;;;;
192;2007;SMARTUS;PLAY_LEARNING;Leisure;;;3;;;;;;;;;;;;;;;;;;;;;;;;;;12;;;;;;;;;;;;;;26;27;;;30;;;;;;;;;;;;;;
193;2007;SOLAR BOTTLE;HOME;Water;;;;;;6;;;;;;;;;;;;;;;;;;;8;;;;;;;;;;18;;;;;;;;;;;;;;;;;;;;;;;;;;
194;2007;SOLAR STREET CONCEPT;COMMUNITY;Energy;;;;;;;7;;;;11;;13;;;;;;;;;;;;;;;;;;14;15;;;;;;;;;;;;;;;;;;;;;;;;;;;;;
195;2007;SOLARSCAN;BODY;Health;;;3;;;;;;9;;;;;;;;;;;3;;;;;;;;;;;;;;;;;;;;;;;;;;;;;;;;;;;;;;;;;
196;2007;SPACESAFE;HOME;Housing;1;;;;;;;;;10;;;;;;;;;;;;;;;;;10;;;;;;;17;;;;;;;;;;;;;;;;;;;;;;;;;;;
197;2007;SPACESAVER;HOME;Sustainable living;;;;;;;;;;;;12;;;;;;;;;;;;;8;;;;;;;;16;;;;;;;;;;;;;;;;;;;;;;;;;;;;
198;2007;STENOP;BODY;Health;;;;;;;;;9;10;;;;;;;;;2;;;;;;;;;;;;;;;;;;;;;;;;;;;;;;;;;;;;38;;;;;;
199;2007;STERILE DISPOSABLE WASH BASIN;WORK;Working conditions;;;;;;;;;;;;12;;;;;;;;;;;;;8;;;;;;;;;;;;20;;;;;;;;;;;;;;;;;;;;;;;;
200;2007;STICKSAFE;WORK;Working conditions;;;;;;;;8;;;;;;;;;;;;;;;;;;9;;;;;;;;;;;;;22;23;;;;;;;;;;;;;;;;;;;;;
201;2007;STREET CAR;COMMUNITY;Transportation;;;;;;;;;;;11;;13;;;;;;;;;;;;;;;;;13;;;;;;;;;;;;25;;;;;;;;;;;;;;;;;;;
202;2007;SUSTAINABLE PRODUCTS;HOME;Sustainable living;;;;;;;;;;;;12;;;;;;;;;;;;;;;;11;;;;;;;;;;;;;;;;;;;;;;;;;;;;;;;;;
203;2007;SUTWELL;BODY;Health;;;3;;;;;;9;;;;;;;;;1;;;;;;;;;;;;;;;;;;;;;;;;;;;;;;;;;;;;;;;;;;;
204;2007;SYNC-Q TEAMPLAYGROUND;PLAY_LEARNING;Leisure;;;;4;;;;;;;;;;;;;;;;;;;;;;;;;;;;;;;;;;;;;;;;;28;;30;31;;;;;;;;;;;;;
205;2007;TESLA ROADSTER;PLAY_LEARNING;Leisure;;;;;;;;;;;11;;13;;;;;;;;;;;;8;;;;12;13;14;;;;;;;;;;;;;;;;;;;;;;;;;;;;;;
206;2007;TOGINON KNIVES;HOME;Sustainable living;;;;;;;;;;;;;;;;;;;;;;;;;8;;;;;;;;;;;;;;;;;;;;;;;;;;;;;;;;;;;;
207;2007;TONGUE SUCKER;BODY;Health;;;3;;;;;;9;;;;;;;;;;;;;;;;;9;;;;;;;;;;;;;;;;;;;;;;;;;;;;;;;;;;;
208;2007;TRACKLESS;COMMUNITY;Enviroment;;;;;;;;;;;;12;;;;;;;;;;;;;8;;;;;;;;;;;;;;;;;;;;;;;;;;;;;;;;;;;;
209;2007;TYPE 1 TOOLS;PLAY_LEARNING;Education;;;3;;;;;;;;;;;;;;;;;;;;;7;;;;;;;;;;;;;;;;;;;;;;;30;31;;;;;;;;;;;;;
210;2007;UNICEFFRIEND;COMMUNITY;Communication;;;;4;;;;;;;;12;;;;;;;;;;;;;;;;;;;;;;;;;;;;;;25;;;;;;;;;;;;;;;;;;;
211;2007;UNIFORM JACKET FOR THE DANISH POLICE;WORK;Working conditions;;;;;;;;;;;;;;;;;;;;;;;;;;;;;;;;;;;;;;;;;;;;;;;;;;;;;;;;;;;;;
212;2007;UTURN;BODY;Health;;;3;;;;;;9;;;;;;;;;;;;;;;7;;;;;;;;;;;;;;;;;;;;;;;;;;;;;;;38;;;;;;
213;2007;VISUAL COMMUNICATION;COMMUNITY;Communication;;;;;;;;;;10;;;;;;;;;;;;;;;;;;;;;;;;;;;;;;;;;;;;;;31;;;;;;;;;;;;;
214;2007;WHIRLWIND ROUGHRIDER;COMMUNITY;Transportation;;;3;;;;;;;10;;;;;;;;;;;;;6;;;;;;;13;;;;;;;;;;;;;;;;;;;;;;;;;;;;;;;
215;2007;WING;HOME;Energy;;;;;;;7;;;;;;;;;;;;;;;;;;;;;11;;;14;;;;;;;;;;;;;;;;;;;;;;;;;;;;;;
216;2007;WIRELESS LED LAMP;HOME;Energy;;;3;;;;7;;;;;;;;;;;;;;;;;;;;;11;;;;15;;;;;;;;;;;;;;;;;;;;;;;;;;;;;
217;2007;YELLOWONE NEEDLE CAP;BODY;Health;;;3;;;;;;;;;;;;;;;;;;;;;;;9;;;;;;;;;;;;;;;;;;;;;;;;;;;;;;;;;;;
218;2009;¡GuateAmala!;COMMUNITY;Goverment;;;;;;;;8;;;;;;;;;;;;;;;;;8;;;;;;;;;;;;;21;;;;;;;;;;31;;;;;;;;;;;;;
219;2009;(RED)WIRE;COMMUNITY;Communication;1;;3;;;;;;;;;;;;;;;;;;;;;;;;;;12;;;;;;;;;;;;;;;;;;30;;;;;;;;;;;;;;
220;2009;3B CART IN THE RAMPMATE SYSTEM;COMMUNITY;Infrastructure;;;;;;;;8;9;;;;;;;;;;;;;;;;;;;;;;;;;;;;;;22;23;;;;;;;;;;;;;;;;;;;;;
221;2009;6.40mm;COMMUNITY;Enviroment;;;;;;;;;;;;;;;15;;;;;;;;;;;9;;11;;;;;;;;;;;;;;;;;;;;;;;;;;;;;;;;;
222;2009;ALLUVIAL SPONGE COMB;COMMUNITY;Safety;;;;;;;;;;;11;;13;;;;;;;;;;;;;;10;;;;;;;;;;;;;;;;;;;;;;;;;;;;;;40;;;;
223;2009;ALZHEIMER100;BODY;Health;;;3;;;;;;;;;;;;;;;;;3;;;;;;;;;;;;;;;;;;;;;;;;;;;;31;;;;;;;;;;;;;
224;2009;ARIVI PARAFFIN STOVE;HOME;Sustainable living;;;3;;;;;;;;;;;;;;;;;;;;;;;9;;11;;;;;;;;;;;;;;;;;;;;;;;;;;;;;;;;;
225;2009;BAMBULANCE PROJECT;COMMUNITY;Transportation;;;3;;;;;;;10;;;;;;;;;;;;;;;;;;;;13;;;;;;;20;;;;;;;;;;;;;;;;;;;;;;;;
226;2009;BETTER PLACE;COMMUNITY;Infrastructure;;;;;;;7;;;;11;;13;;;;;;;;;;;;8;;;;;13;14;;;;;;;;;;;;;;;;;;;;;;;;;;;;;;
227;2009;CABBAGE CHAIR;HOME;Sustainable living;;;;;;;;;;;;;;;;;;;;;;;;;8;;;;;;;;;;;;;;;;;;;;;;;;;;;;;;;;;;;;
228;2009;CHILDBIRTH ASSISTANCE OUTSIDE HOSPITALS;BODY;Health;;;3;;;;;;;;;;;;;;;1;;;;;;;;;;;;;;;;;;;20;;;;;;;;;;;;;;;;;;;;;;;;
229;2009;CHULHA;HOME;Sustainable living;;;3;;;;;8;;;;;;;;;;;;;;;;;;9;;11;;;;;;;;;;;;;;;;;;;;;;;;;;;;;;;;;
230;2009;CITY INVADER;PLAY_LEARNING;Leisure;;;;;;;;;;;11;;;;;;;;;;;;;;;;10;;;;;;;;;;;;;;;;;;;;;;;;;;;;;;;;;;
231;2009;CREATIVE PITCH;PLAY_LEARNING;Education;;;;;;;;;;;;12;13;;;;;;;;;;;;8;;;;;;;;;;;;;;;;;;;;;;;;;;;;;;;;;;;;
232;2009;DESIGN INDABA 10×10 LOW COST HOUSING PROJECT;HOME;Housing;;;;;;;;8;;10;;;;;;;;;;;;;;;;;10;;;;;;;17;;;;;;;;;;;;;;;;;;;;37;;;;;;;
233;2009;DISPOSABLE MUG;HOME;Sustainable living;;;;;;;;;;;;12;;;15;;;;;;;;;;8;;;11;;;;;;;;;;;;;;;;;;;;;;;;;;;;;;;;;
234;2009;DRIVERS OF CHANGE;PLAY_LEARNING;Education;;;;4;;;;;;;;12;;;;;;;;;;;;;;;;;;;;;;;;;;;;;;;;;;;30;31;;;;;;;;;;;;;
235;2009;E-CHARKHA;WORK;Working conditions;;;;;5;;;;9;;;;;;;;;;;;;;;;;;;11;;;14;;;;;;;21;;;;;;;;;;;;;;;;;;;;;;;
236;2009;ECODRAIN™;HOME;Water;;;;;;6;;;;;;12;;;;;;;;;;;;;;;;11;;;;;16;;;;;;;;;;;;;;;;;;;;;;;;;;;;
237;2009;FREEPLAY FETAL HEART RATE MONITOR;BODY;Health;;;3;;;;;;9;;;;;;;;;1;;;;;;;;;;;;;;;;;;;20;;;;;;;;;;30;;;;;;;;;;;;;;
238;2009;GREEN BUILDING PRODUCTS FROM FLYASH;COMMUNITY;Enviroment;;;;;;;;;;;;12;;;;;;;;;;;;;;;;;;;;;;;;;;;;;;;;;;;;;;;34;;;;;;;;;43;
239;2009;HOME PHOTOTHERAPY;BODY;Health;;;3;;;;;;9;;;;;;;;;1;;;;;;7;;;;;;;;;;;;;;;;;;;;;;;;;;;;;;;;;;;;;
240;2009;i-LIMB HAND;BODY;Health;;;3;;;;;;9;;;;;;;;;;;;4;;;;;;;;;;;;;;;;;;;;;;;;;;;;;;;;;;;;;;;;
241;2009;INVERSAbrane;COMMUNITY;Safety;;;;;;;;;;;;12;;;;;;;;;;;;;8;;;;;;;;;;;;;;;;;;;;;;;;;;34;;;;;;;;;;
242;2009;KIVA;WORK;Money;1;;;;;;;;;10;;;;;;;;;;;;;;;;;;;12;;;;;;;19;;21;;;;;;;;;;;;;;;;;;;;;;;
243;2009;LODOX® STATSCAN® VE1;WORK;Working conditions;;;3;;;;;;;;;;;;;;;;;;;;;;8;9;;;;;;;;;;;;;;23;;;;;;;;;;;;;;;;;;;;;
244;2009;LUNAR-RESONANT STREETLIGHTS;COMMUNITY;Energy;;;;;;;;;;;11;;;;;;;;;;;;;;;;;11;;;;15;;;;;;;;;;;;;;;;;;;;;;;;;;;;;
245;2009;MAGNO;PLAY_LEARNING;Leisure;1;;;;;;;8;;10;11;;;;;;;;;;;;;;8;;;;;;;;;;;;;;;;;;;;;;;;;;;;;;;;;;;;
246;2009;MALARIA MUST GO;HOME;Safety;;;3;;;;;;;;;;;;;;;;;;;;;;;9;;;;;;;;;;;;;;;;;;;;;;;;;;;;;;;;;;;
247;2009;MEDILABEL SAFETY SYSTEM©;COMMUNITY;Safety;;;3;;;;;;;;;;;;;;;;;3;;;;;;9;;;;;;;;;;;;;;;;;;;;;;;;;;;;;;;;;;;
248;2009;MOR-POWER;COMMUNITY;Energy;;;;;;;7;;;;;12;;;;;;;;;;;;;;;;11;;;14;;;;;;;;;;;;;;;29;;;;;;;;;;;;;;;
249;2009;OPEN GREEN MAP;COMMUNITY;Communication;;;;4;;;;;;;11;;;;;;;;;;;;;;;;;;12;;;;;;;;;;;;;;;;;;30;;;;;;;;;;;;;;
250;2009;OTICON STREAMER;BODY;Health;;;3;;;;;;9;;;;;;;;;;2;;;;;;;;;;;;;;;;;;;;;;;;;;;;;;;;;;;;;;;;;;
251;2009;PATHFINDER;BODY;Safety;;;3;;;;;;9;10;;;;;;;;;2;;;;;;;;;;12;;;;;;;;;;;;;;;;;;;;;;;;;;38;;;;;;
252;2009;PEACEMAKER;PLAY_LEARNING;Education;;;;4;;;;;;;;;;;;16;;;;;;;;;;;;;12;;;;;;;;;;;;;;;;28;;30;;;;;;;;;;;;;;
253;2009;PENGUIN ARMY;COMMUNITY;Communication;;;;;;;;;;;11;12;;;;;;;;;;;;;8;;;;;;;;;;;;;;;;;;;;;;;;;;;;;;;;;;;;
254;2009;PHILIPS SMILE;HOME;Energy;;;;;;;7;;;;;;;;;;;;;;;;;;;;;11;;;14;15;;;;;;;;;;;;;;;;;;;;;;;;;;;;;
255;2009;PIG 05049;PLAY_LEARNING;Education;;;;4;;;;;;;;;;;;;;;;;;;;;8;;;;;;;;;;;;;;;;;;;;;;30;;;;;;;;;;;;;;
256;2009;PILL TIME;BODY;Safety;;;3;;;;;;;;;;;;;;;;;3;;;;;;9;;;;;;;;;;;;;;;;;;;;;;;;;;;;;;;;;;;
257;2009;PINK PROJECT;HOME;Housing;;;3;;;;;;;;11;;;;;;;;;;;;;;;;10;;;;;;;17;;;;;;;;;;;;;;;;;;;;;;;;;;;
258;2009;PLANET EARTH-Directions for use;COMMUNITY;Communication;;;;4;;;;;;;;12;;14;15;;;;;;;;;;;;;;;;;;;;;;;;;;;;;;;;30;31;;;;;;;;;;;;;
259;2009;PORTABLE LIGHT;HOME;Energy;;;;4;;;7;;;;;;;;;;;;;;;;;;;;;11;;;;15;;;;;;;;;;;;;;;;;;;;;;;;;;;;;
260;2009;PROJECT MASILULEKE;BODY;Health;;;3;;;;;;;;;;;;;;;;;3;;;;;;;;;;;;;;;;;20;;;;;;;;;;;;;;;;;;;;;;;;
261;2009;RECYCLE FACTORY;PLAY_LEARNING;Education;;;;4;;;;;;;;;;;;;;;;;;;;;;;;11;;;;;;;;;;;;;;;;;;;30;;;;;;;;;;;;;;
262;2009;REDSENSE;BODY;Health;;;3;;;;;;;;;;;;;;;;;;;;;7;;;;;;;;;;;;;;;;;;;;;;;30;;;;;;;;;;;;;;
263;2009;RESUSCITATING THE FEZ RIVER;COMMUNITY;Infrastructure;;;;;;;;;;;11;;;;;;;;;;;;;;;;10;;;;;;;;;;;;;;;;;;;;;;;;;;;;;;40;;;;
264;2009;S-HOUSE;HOME;Sustainable living;;;;;;;;;;;11;12;;;;;;;;;;;;;8;;10;;;;;;;17;;;;;;;;;;;;;;;;;;;;;;;;;;;
265;2009;SHOWERMINDER;HOME;Water;;;;;;6;;;;;;12;;;;;;;;;;;;;;;;11;;;;;16;;;;;;;;;;;;;;;;;;;;;;;;;;;;
266;2009;SIZECHINA;COMMUNITY;Inequality;;;3;;;;;;;10;;;;;;;;;;;;;;;8;9;;;;;;;;;;;;;;;;;;;;;;31;;;;;;;;;;;;;
267;2009;SMART SHELTER FOUNDATION;HOME;Housing;1;;;;;;;8;;;;;;;;;;;;;;;;;;;10;;;;;;;17;;;;;;;;;;;;;;;;;;;;;;;;;;;
268;2009;SOLAR WATER PLANT;HOME;Water;;;;;;6;7;;;;;;;;;;;;;;;;;;;;;11;;;;;;;18;;;;;;;;;;;;;;;;;;;;;;;;;;
269;2009;SOLID STATE PLASMA LIGHT;HOME;Energy;;;;;;;7;;;;;;;;;;;;;;;;;;;;;11;;;;15;;;;;;;;;;;;;;;;;;;;;;;;;;;;;
270;2009;STREET SWAGS;HOME;Housing;1;;;;;;;;;10;;;;;;;;;;;;;;;;;10;;;;;;;17;;;;;;;;;;;;;;;;;;;;;;;;;;;
271;2009;TAGTYPE;PLAY_LEARNING;Digitalization;;;;4;;;;;9;10;;;;;;;;;;;;;;;;;;;12;;;;;;;;;;;;;;;;;29;;;;;;;;;;;;;;;
272;2009;THE $700 HOUSE;HOME;Housing;1;;;;;;;8;;;;;;;;;;;;;;;;;;;10;;;;;;;17;;;;;;;;;;;;;;;;;;;;37;;;;;;;
273;2009;THE GOOD KITCHEN;BODY;Food;;;3;;;;;;;;;12;;;;;;;;;;5;;;8;;;;;;;;;;;;;;;;;;;;;;;;;;;;;;;;;;;;
274;2009;THE STORY OF STUFF;COMMUNITY;Communication;;;;4;;;;;;;;;;;;;;;;;;;;;;;;;12;;;;;;;;;;;;;;;;;;30;;;;;;;;;;;;;;
275;2009;TOUCH SIGHT;BODY;Health;;;;;;;;;9;10;;;;;;;;;2;;;;;;;;;;12;;;;;;;;;;;;;;;;;;;;;;;;;;;;;;;;
276;2009;UNIVERSAL GENERATOR;COMMUNITY;Energy;;;;;;;7;;;;;12;;;;;;;;;;;;;;;;11;;;14;;;;;;;;;;;;;;;;;;;;;;;;;;;;;;
277;2009;VOICE LABELER;PLAY_LEARNING;Digitalization;;;;;;;;;9;10;;;;;;;;;;;;;;;;;;;12;;;;;;;;;;;;;;;;;29;30;;;;;;;;38;;;;;;
278;2009;VOICE STICK;HOME;Digitalization;;;3;;;;;;;10;;;;;;;;;2;;;;;;;;;;12;;;;;;;;;;;;;;;;;29;;;;;;;;;;;;;;;
279;2009;WALLBREAKERS;PLAY_LEARNING;Education;;;;;;;;8;;;;;;;;;;;;;;;;;;;;;12;;;;;;;;;;;;;;;;28;;30;;;;;;;;;;;;;;
280;2009;WASTE RECOVERING SYSTEM;COMMUNITY;Enviroment;;;;;;;;8;;;11;;;;;;;;;;;;;;;;;;;;;;;;;;;;;;;;;;;;;31;;;;;;;;;;;;43;
281;2009;WATER FOR ALL;HOME;Water;;;;;;6;;;;;11;12;;;;;;;;;;;;;;;;11;;;;;16;;;;;;;;;;;;;;;;;;;;;;;;;;;;
282;2009;WHALEPOWER TUBERCLE TECHNOLOGY;HOME;Energy;;;;;;;7;;;;;;;;;;;;;;;;;;;;;11;;;14;;;;;;;;;;;;;;;;;;;;;;;;;39;;;;;
283;2009;WOOLWORTHS “Making the Difference Through Design” Program;PLAY_LEARNING;Education;1;;;4;;;;8;;10;;;;;;;;;;;;;;;;;;;;;;;;;;;;21;;;;;;;;;30;31;;;;;;;;;;;;;
284;2009;X STING WISH;HOME;Safety;;;;;;;;;9;;;;;;;;;;;;;;;;;9;;;;;;;;;;;;;;;;;;;;;;;;;;;;;;;;;;;
285;2009;X-SYSTEM;BODY;Health;;;3;;;;;;9;;;;;;;;;;;;4;;;;;;;;;;;;;;;;;;;;;;;;;;;;;;;;;;;;;;;;
286;2009;YELLO STROM;COMMUNITY;Energy;;;;;;;;;;;;12;13;;;;;;;;;;;;;;;11;;;;;;;;;;;;;;;;;;;30;;;;;;;;;;;;;;
287;2011;21st Century Nursing Bag;WORK;Working conditions;;;3;;;;;;;;;;;;;;;;;;;;;7;;9;;;;;;;;;;;20;;;;;;;;;;;;;;;;;;;;;;;;
288;2011;Adlens Universal and the Vision for a Nation Programme;BODY;Health;;;3;;;;;;;10;;;;;;;;;2;;;;;;;;;;;;;;;;;;;21;;;;;;;;;;;;;;;;;38;;;;;;
289;2011;Ambulight Photodynamic Therapy (PDT);BODY;Health;;;3;;;;;;9;;;;;;;;;;;;;;;7;;;;;;;;;;;;;;;;;;;;;;;;;;;;;;;;;;;;;
290;2011;Anti Sleep Pilot;COMMUNITY;Safety;;;3;;;;;;;;;;;;;;;;;;;;;;;9;;;;;;;;;;;;;;;;;;;;;;;;;;;;;;;;;;;
291;2011;Aquacube™;HOME;Water;;;;;;6;;;;;;12;;;15;;;;;;;;;;;;;11;;;;;;;18;;;;;;;;;;;;;;;;;;;;;;;;;;
292;2011;AskNature Biomimicry Website;HOME;Sustainable living;;;;;;;;;;;;12;;;15;;;;;;;;;;;;;;12;;;;;;;;;;;;;25;;;;;;;;;;;;;;39;;;;;
293;2011;Autarchy;HOME;Sustainable living;;;;;;;;;;;;;;;;;;;;;;;;;8;;;;;;;;;;;;;;;;;;;;;;;;;;;;;;;;;;;;
294;2011;Autodesk Sustainability Workshop;PLAY_LEARNING;Education;;;;4;;;;8;;;;12;;;;;;;;;;;;;;;;;;;;;;;;;;;;;;;;;;;30;31;;;;;;;;;;;;;
295;2011;BioLite Home Stove;HOME;Safety;;;3;;;;7;;;;;;;;;;;;;;;;;;;;;11;;;;;;;;;;;;;;;;;;;;;;;;;;;;;;;;;
296;2011;Business Model Generation;PLAY_LEARNING;Education;;;;4;;;;8;9;;;;;;;;;;;;;;;;;;;;;;;;;;;19;;;;;;;;;;;30;;;;;;;;;;;;;;
297;2011;Bware water meter;HOME;Water;;;;;;6;;;;;;12;;;;;;;;;;;;;8;;;;;;;;16;;;;;;;;;;;;;;;;;;;;;;;;;;;;
298;2011;DESIGN FOR CHANGE;WORK;Working conditions;;;;4;;;;;;;;;;;;;;;;;;;;;;;;;12;;;;;;;;;;;;;;;;;;30;;;;;;;;;;;;;;
299;2011;DESIGN SEOUL;COMMUNITY;Infrastructure;;;;;;;;;;;11;;;;;;;;;;;;;;;;10;;;;;;;;;;;;;;;;;;;;;31;;;;;;;;;;;;;
300;2011;E. chromi;BODY;Health;;;3;;;;;;9;;;;;;;;;;;3;;;;;;9;;;;;;;;;;;20;;;;;;;;;;;;;;;;;;;;;;;;
301;2011;Earthquake Disaster + design;COMMUNITY;Safety;;;;;;;;;;;11;;;;;;;;;;;;;;;9;;;;;;;;17;;;;;;;;;;;;;;31;;;;;;;;;;;;;
302;2011;Easy Latrine;HOME;Sustainable living;;;;;;6;;8;;;;;;;;;;;;;;;;;;;;11;;;;;;;;;;;;;;;;;;;;;;;;;36;;;;;;;;
303;2011;Eating, Design & Dementia;BODY;Health;;;3;;;;;;;10;;;;;;;;;;;;;;;;;;;;;;;;;;;;;;;;;;;;;;31;;;;;;;;;;;;;
304;2011;Edheads.org;PLAY_LEARNING;Education;;;;4;;;;;;;;;;;;;;;;;;;;;;;;;;;;;;;;;;;;;;;;;28;29;30;;;;;;;;;;;;;;
305;2011;ELEMENTAL MONTERREY;HOME;Housing;1;;;;;;;;;;11;;;;;;;;;;;;;;;;10;;;;;;;;;;;;;;;;;;;;;;;;;;;37;;;;;;;
306;2011;EMBRACE INFANT WARMER;BODY;Health;;;3;;;;;;9;;;;;;;;;1;;;;;;;;;;;;;;;;;;;20;;;;;;;;;;;;;;;;;;;;;;;;
307;2011;Enviromesh;HOME;Housing;;;;;;;;;9;;;12;;;15;;;;;;;;;;;;;11;;;;;;;;;;;;;;;;;;;;;;;;;;;;;;;;;
308;2011;Glow Guardian;COMMUNITY;Safety;;;;;5;;;;;;;;;;;;;;;;;;;;;9;;;;;;;;;;;;;;;;;;;;;;;32;;;;;;;;;;;;
309;2011;Green School;PLAY_LEARNING;Education;1;;;4;;;;;;;11;;;;;;;;;;;;;;;;;11;;;;;;;;;;21;;;;;;27;;;30;;;;;;;;;;;;;;
310;2011;HackFwd;WORK;Unemployment;;;;;;;;;9;;;;;;;;;;;;;;;;;;;;12;;;;;;;;;;;;;;;;;;;;;;;;;;;;;;;;
311;2011;High Line;COMMUNITY;Infrastructure;;;3;;;;;;;;11;;;;;;;;;;;;;;;;10;;;;;;;;;;;;;;;;;;;;;;;;;;;;;;;;;;
312;2011;HÖVDING;PLAY_LEARNING;Leisure;;;3;;;;;;9;;11;;13;;;;;;;;;;;;;9;10;;;13;;;;;;;;;;;;;26;;;;;;;;;;;;;;;;;;
313;2011;Imagination Playground in a Box;PLAY_LEARNING;Leisure;;;3;4;;;;;;;11;;;;;;;;;;;;;;;;10;;;;;;;;;;;;;;;;26;;;;;;;;;;;;;;;;;;
314;2011;IVUHAP;COMMUNITY;Infrastructure;;;;;;;;;;;;12;;;;;17;;;;;;;;;;10;;;;;;;;;;;;;;;;;27;;;;;;33;;;;;;;;;;;
315;2011;JANMA – The Clean Birth Kit;BODY;Health;;;3;;;;;;;;;;;;;;;1;;;;;;;;;;;;;;;;;;;20;;;;;;;;;;;;;;;;;;;;;;;;
316;2011;Konbit;COMMUNITY;Communication;;;;;;;;8;;;;;;;;;;;;;;;;;;;;;12;;;;;;;;;21;;;;25;;;;;;;;;;;;;;;;;;;
317;2011;Learning Landscape;PLAY_LEARNING;Education;;;;4;;;;;;;;;;;;;;;;;;;;;;;;;;;;;;;;;;;;;;;;27;;;30;31;;;;;;;;;;;;;
318;2011;Lifeplayer;COMMUNITY;Communication;;;3;4;;;7;;;10;;;;;;;;;;;;;;;;;;;12;;14;;;;;;;21;;;;;;;;29;;;;;;;;;;;;;;;
319;2011;Lulan Artisans Business Strategy;COMMUNITY;Inequality;1;;;;5;;;;;10;;;;;;;;;;;;;;;;9;;;;;;;;;;;;21;;;;;;;;;;;32;;;;;;;;;;;;
320;2011;Lung-on-a-Chip;BODY;Health;;;;;;;;;9;;;;;;;;;;;3;;;;;;;;;12;;;;;;;;;;;;;;;;;;;;;;;;;;;;;;;;
321;2011;MycoBond™;HOME;Sustainable living;;;;;;;;;9;;;12;;;15;;;;;;;;;;;;;11;;;;;;;;;;;;;;;;;;;;;;;;;;;;39;;;;;
322;2011;NETRA;BODY;Health;;;3;;;;;;9;;;;;;;;;;;;;;;;;;;;;;;;;;;;20;;;;;;;;;;;;;;;;;;;;;;;;
323;2011;Novacem;HOME;Sustainable living;;;;;;;;;9;;;12;;;15;;;;;;;;;;;;;11;;;;;;;;;;;;;;;;;;;;;;;;;;;;;;;;;
324;2011;OpenIDEO.com;COMMUNITY;Communication;;;;;;;;;;;;;;;;;17;;;;;;;;;;;;12;;;;;;;;;;;;;25;;;;;30;31;;;;;;;;;;;;;
325;2011;Plumen 001;HOME;Energy;;;;;;;7;;;;;12;;;;;;;;;;;;;8;;;;;;;15;;;;;;;;;;;;;;;;;;;;;;;;;;;;;
326;2011;PUMA: Clever Little Bag;COMMUNITY;Enviroment;;;;;;;;;;;;12;;;;;;;;;;;;;8;;;;;;;;;;;;;;;;;;;;;;;;;;;;;;;;;;;;
327;2011;Pure;HOME;Water;;;;;;6;;;;;;;;;;;;;;;;;;;;9;;;;;;;;;18;;;;;;;;;;;;;;;;;;;;;;;;;;
328;2011;Reclaim;COMMUNITY;Communication;;;;;;;;;;;11;;;;;;;;;;;;;;;;10;;;;;;;;;;;21;;;;;;;;;;;;;;;;;;;;;;;
329;2011;Refugees United;COMMUNITY;Communication;;;;;;;;;;;;;;;;;17;;;;;;;;;;;;12;;;;;17;;;;;;;;;;;;;;;;;;;;;;;;;;;
330;2011;Sana;PLAY_LEARNING;Education;;;3;;;;;;;;;;;;;;;;;3;;;;;;;;;;;;;;;;;20;;;;;;;;;;;;;;;;;;;;;;;;
331;2011;SEE BETTER TO LEARN BETTER (VERBIEN);BODY;Health;;;3;;;;;;9;;;;;;;;;;2;;;;;;;;;;;;;;;;;;;21;;;;;;;;;;;;;;;;;;;;;;;
332;2011;she28;BODY;Health;;;3;;5;6;;;;;;;;;;;;;;3;;;;;8;;;;;;;;;;;;20;;;;;;;;;;;;32;;;;;;;;;;;;
333;2011;Shokay;WORK;Unemployment;1;;;;;;;8;;;;;;;;;;;;;;;;;8;;;;;;;;;;;;;21;;;;;;;;;;;;;;;;;;;;;;;
334;2011;Solio;HOME;Energy;;;;;;;7;;;;;;;;;;;;;;;;;;;;;11;;;14;;;;;;;;;;;;;;;;;;;;;;;;;;;;;;
335;2011;T.27 City Car;COMMUNITY;Transportation;;;;;;;;;;;11;;13;;;;;;;;;;;;;;;;;13;;;;;;;;;;;;;;;;;30;;;;;;;;;;;;;;
336;2011;The Copenhagen Wheel;COMMUNITY;Transportation;;;;;;;;;;;11;;13;;;;;;;;;;;;;;10;;;13;14;;;;;;;;;;;;;;;;;;;;;;;;;;;;;;
337;2011;The Dream Ball Project;PLAY_LEARNING;Leisure;;;3;;;;;;;;;;;;;;;;;;;;;7;;;10;;;;;;;;;;;;;;;;26;;;;;;;;;;;;;;;;;;
338;2011;The Secret Life Series;COMMUNITY;Communication;;;;;;;;;;;;12;;;;;;;;;;;;;8;;;;12;;;;16;;;;;;;;;;;;;;30;;;;;;;;;;;;;;
339;2011;Tulip Siphon Water Filter;HOME;Water;;;;;;6;;;;;;;;;;;;;;;;;;;;;;;;;;;;;18;;;;;;;;;;;;;;;;;;;;;;;;;;
340;2011;UN Global Compact Dilemma Game;PLAY_LEARNING;Education;;;;;;;;;;;;;;;;;17;;;;;;;;;;;;;;;;;;;;;;;;;;;;28;;30;;;;;;;;;;;;;;
341;2011;WASARA;HOME;Sustainable living;;;;;;;;;;;;12;;;;;;;;;;;;;8;;;;;;;;;;;;;;;;;;;;;;;;;;;;;;;;;;;;
342;2011;WatAir;HOME;Water;;;;;;6;;;;;;;;;;;;;;;;;;;;;;11;;;;;;;18;;;;;;;;;;;;;;;;;;;;;;;;;;
343;2011;X-halo;BODY;Health;;;3;;;;;;;;;;;;;;;;;;;;;7;;9;;;;;;;;;;;;;;;;;;;;;;;;;;;;;;;;;;;
344;2011;Yuneec E430;COMMUNITY;Transportation;;;;;;;7;;;;;;13;;;;;;;;;;;;;;;;;13;14;;;;;;;;;;;;;;;;;;;;;;;;;;;;;;
345;2013;$25 PC ENABLES PEOPLE ALL OVER THE WORLD TO USE COMPUTERS;PLAY_LEARNING;Digitalization;;;;4;;;;8;9;;;;;;;;;;;;;;;;;;;;12;;;;;;;;;;;;;;;;;29;30;;;;;;;;;;;;;;
346;2013;4 simple steps to sanitize the slums of Nairobi;HOME;Sustainable living;;;;;;6;;8;;;;;;;;;;;;;;;;;;;;11;;;;;;;;;;;;;;;;;;;30;;;;;;36;;;;;;;;
347;2013;a solution to textile waste in sub-sahara;COMMUNITY;Enviroment;;;;;;;;8;;;;12;;;;;17;;;;;;;;8;;;;;;;;;;;;;;;;;;;;;;;;;;;;;;;;;;;43;
348;2013;Africa receives easy access to clean water;HOME;Water;;;;;;6;;;;;;;;;;;;;;;;;;;;;;;;;;;;;18;;;;;;;;;;;;;;;;;;;;;;;;;;
349;2013;African doctors race motorcycles to save lives;WORK;Working conditions;;;3;;;;;;;10;;;;;;;;;;3;;;;;;;;;;13;;;;;;;20;;;;;;;;;;;;;;;;;;;;;;;;
350;2013;African smallholder farmers receive tools to scale-up and succeed;WORK;Unemployment;1;;;;;;;;;10;;;;;;;;;;3;;;;;;;;;;13;;;;;;;;21;;;;;;;;;;;;;;;;;;;;;;;
351;2013;age-old Ketchup problem solved!;HOME;Sustainable living;;;;;;;;;;;;12;;;15;;;;;;;5;;;8;;;;;;;;;;;;;;;;;;;;;;;;;;;;;;;;;;;;
352;2013;Amputees design their own prosthetics;BODY;Health;;;3;;;;;;;10;;;;;;;;;;;4;;;;;;;;;13;;;;;;;;;;;;;;;;;;;;;;;;;;;;;;;
353;2013;app scans your skin for melanoma;BODY;Health;;;3;;;;;;;;;;;;;;;;;3;;;;;;;;;;;;;;;;;20;;;;;;;;;;;;;;;;;;;;;;;;
354;2013;Auction off your trash;COMMUNITY;Enviroment;;;;;;;;;;;;12;;;;;17;;;;;;;;;;;11;12;;;;;;;;;;;;;25;;;;;;;;;;;;;;;;;;43;
355;2013;Augmented reality becomes real;PLAY_LEARNING;Digitalization;;;;;;;;;9;;;;;;;;;;;;;;;;;;;;12;;;;;;;;;;;;;;;;;;;;;;;35;;;;;;;;;
356;2013;Biomass powers up developing world;COMMUNITY;Energy;;;;;;;7;;;;;;13;;;;;;;;;;;;;;;11;;;14;;;;;;;21;;;;;;;;;30;;;;;;;;;;;;;;
357;2013;Board game breaks poverty cycle for illiterate women;PLAY_LEARNING;Education;1;;;4;5;;;8;;;;;;;;;;;;;;;;;8;;;;;;;;;;;19;;;;;;;;;28;;;;32;;;;;;;;;;;;
358;2013;Build your own 3D-printed home;HOME;Housing;;;;;;;;;9;;;12;;;;;;;;;;;;;;;10;;;;;;;;;;;;;;24;;;;;;;;;;;;;;;;;;;;
359;2013;CASH IN YOUR OLD ELECTRONICS AT THIS ATM MACHINE;COMMUNITY;Enviroment;;;;;;;;;;;;12;;;;;;;;;;;;;8;;;;;;;;;;;;;;;;;;;;;;;;;;;;;;;;;;;43;
360;2013;CLEVER SYRINGE WARNS YOU OF PRIOR USE;BODY;Safety;;;3;;;;;;;;;;;;;;;;;;;;;;;9;;;;;;;;;;;;;;;;;;;;;;;;;;;;;;;;;;;
361;2013;Copper shredding bikes spare Ghanaians an early death;COMMUNITY;Enviroment;;;3;;;;;8;;;;12;;;;;;;;;;;;;;;;;;13;;;;;;;;21;22;;;;;;;;;;;;;;;;;;;;;;
362;2013;Cut your heating bill by a third;HOME;Sustainable living;;;;;;;;;9;;;12;;;;;;;;;;;;;;;;11;12;;;;;;;;;;;;;;;;;;;;;;;;;;;;;;;;
363;2013;DANISH CAPITAL ADAPTS SUCCESSFULLY TO CHANGING CLIMATE;COMMUNITY;Climate;;;;;;;;;;;11;;13;;;;;;;;;;;;;;;;;;;;;;;;;;;;;;;;;;;;;;;;;;;;40;;;;
364;2013;Danish playgrounds fight obesity with active play;PLAY_LEARNING;Leisure;;;3;;;;;;;;11;;;;;;;;;;;;;;;;10;;;;;;;;;;;;;;;;26;;;;;;;;;;;;;;;;;;
365;2013;Diaper technology makes farming 90% more water efficient;COMMUNITY;Enviroment;;2;;;;;;;9;;;;;;;;;;;;;5;;;;;;11;;;;;16;;;;;;;;;;;;;;;;;;;;;;;;;;;;
366;2013;Dyslexia-friendly typeface finally here;PLAY_LEARNING;Diversity;;;;4;;;;;;10;;;;;;;;;;;;;;;8;;;;;;;;;;;;;;;;;;;;;;30;31;;;;;;;;;;;;;
367;2013;eat grasshoppers and save the planet!;BODY;Food;;2;;;;;;;;;;12;;;;;;;;;;5;;;;;;11;;;;;16;;;;;;;;;;;;;;;;;;;;;;;;;;;;
368;2013;Edible food packaging eliminates the need for paper and plastic;BODY;Food;;;;;;;;;;;;12;;;;;;;;;;5;;;8;;;;;;;;;;;;;;;;;;;;;;;;;;;;;;;;;;;;
369;2013;educational Text messages to new mothers save lives;PLAY_LEARNING;Education;;;3;4;;;;;;;;;;;;;;1;;;;;;;;;;;12;;;;;;;;20;;;;;;;;;29;30;;32;;;;;;;;;;;;
370;2013;Floating swimming pool cleans up New York’s East River;COMMUNITY;Climate;;;3;;;;;;;;11;;13;;;;;;;;;;;;;;10;11;;;;;;;18;;;;;;;;26;;;;;;;;;;;;;;;;;;
371;2013;Flying Kites measure air pollution in China;COMMUNITY;Enviroment;;;3;;;;;;;;11;;;;15;;;;;;;;;;;;;;;;;;;;;;;21;;;;;;;;;30;;;;;;;;;;;;;;
372;2013;Good sanitary habits inspired by profitable urine;HOME;Sustainable living;;;3;;;;;;;;;;;;;;;;;;;;;;;9;;;;;;;;;;;;;;;;;;;;;;;;;;;36;;;;;;;;
373;2013;GRAVITY PROVIDES LIGHT FOR FREE;HOME;Energy;;;;;;;7;;;;;;;;;;;;;;;;;;;;;11;;;;15;;;;;;;;;;;;;;;;;;;;;;;;;;;;;
374;2013;Guide: How to learn and benefit from the world’s best ideas (TEDX);PLAY_LEARNING;Education;;;;4;;;;;9;;;;;;;;;;;;;;;;;;;;12;;;;;;;;;;;;;25;;;;29;30;;;;;;;;;;;;;;
375;2013;Guide: Instructions for when the world ends;COMMUNITY;Communication;;;;;;;;;;;;12;;;;;;;;;;;;;8;9;;;;;;;;;;;;;;;;;;;;;;;;;;;;;;;;;;;
376;2013;How one plastic bottle improves life in slums;HOME;Energy;;;;;;;7;8;;;;;;;;;;;;;;;;;;;;11;;;;15;;;;;;;;;;;;;;;;;;;;;;;;;;;;;
377;2013;IF THE ROAD COULD TALK TO YOU, WHAT WOULD IT SAY?;COMMUNITY;Infrastructure;;;;;;;;;9;;11;12;;;;;;;;;;;;;;;;;;13;14;;;;;;;;;;;;;;;;;;;;;;;;;;;;;;
378;2013;In case of emergency: download these apps;COMMUNITY;Safety;;;3;4;;;;;;;;;;;;;17;;;;;;;;;9;;;;;;;;;;;20;21;;;;;;;;;30;;;;;;;;;;;;42;;
379;2013;Indian entrepreneurs fight dangerous E-waste;COMMUNITY;Enviroment;;;;;;;;8;;;;12;;;;;;;;;;;;;;;;11;;;;;;;;;;;22;;;;;;;;;;;;;;;;;;;;;43;
380;2013;invention enables paraplegics to stand-up;BODY;Health;;;3;;;;;;9;10;;;;;;;;;;;;;6;;;;;;;13;;;;;;;;;;;;;;;;;;;;;;;;;;;;;;;
381;2013;ivy league education available to all – for free;PLAY_LEARNING;Education;;;;4;;;;;;10;;;;;;;;;;;;;;;;;;;12;;;;;;;;;;;;;25;;;;;30;;;;;;;;;;;;;;
382;2013;Lanterns aim to brighten 100 million lives;HOME;Energy;;;3;;;;7;;;;;;;;;;;;;;;;;;;;;11;;;;15;;;;;;;;;;;;;;;;;;;;;;;;;;;;;
383;2013;Learn anything from anyone – anywhere (SKILLSHARE);PLAY_LEARNING;Education;;;;4;;;;8;;;;;;;;;;;;;;;;;;;;;12;;;;;;;;;;;;;25;;;;;;;;;;;;;;;;;;;
384;2013;Meat made from plants;BODY;Food;;;;;;;;;;;;12;13;;;;;;;;;5;;;8;;;11;;;;;16;;;;;;;;;;;;;;;;;;;;;;;;;;;;
385;2013;Mexico city gets A huge environmental makeover;COMMUNITY;Enviroment;;;;;;;;;;;11;;;;;;;;;;;;;;;;10;;;;;;;;;;;;;;;;;;;;;;;;;;;;;;40;;;;
386;2013;Microgrids are set to revolutionize energy in rural areas;COMMUNITY;Energy;;;;;;;7;;;;;;;;;;;;;;;;;;;;;11;;;14;;;;;;;;;;;;;;;;;;;;;;;;;;;;;;
387;2013;Mobile banking booms in Africa;WORK;Digitalization;;;;;;;;8;;10;;;;;;;;;;;;;;;;;;;12;;;;;;;19;;;;;;;;;;;;;;;;;;;;;;;;;
388;2013;Mobile games teach women and children vital survival skills;PLAY_LEARNING;Education;1;;;4;5;;;;;10;;;;;;;;;;;;;;;;;;;12;;;;;;;;;;;;;;;;28;29;30;;32;;;;;;;;;;;;
389;2013;Nation’s brightest re-design US government;COMMUNITY;Communication;;;;;;;;8;;;;;;;;16;17;;;;;;;;;;;;12;;;;;;;;;21;;;;;;;;;30;;;;;;;;;;;;;;
390;2013;NO TASK IS TOO LARGE FOR THIS VIRTUAL WORKFORCE;WORK;Digitalization;;;;;;;;8;;;;;;;;;;;;;;;;;;;;;12;;;;;;;;;;;;;;;;;;;;;;;;;;;;;;;;
391;2013;Paralyzed people walk again thanks to wearable robot;BODY;Health;;;3;;;;;;9;10;;;;;;;;;;;;;6;;;;;;;13;;;;;;;;;;;;;;;;;;;;;;;;;;;;;;;
392;2013;Rent your neighbour’s car and reduce the world’s co2;COMMUNITY;Transportation;;;;;;;;;;;11;12;;;;;;;;;;;;;;;;;12;13;;;;;;;;;;;;25;;;;;;;;;;;;;;;;;;;
393;2013;Robot arms help sick children move freely;BODY;Health;;;3;;;;;;9;10;;;;;;;;;;;4;;;;;;;;;;;;;;;;;;;;;;;;;;;;;;;;;;38;;;;;;
394;2013;Skatepark saves Danish city from future floodings;COMMUNITY;Climate;;;;;;;;;;;11;;13;;;;;;;;;;;;;;10;;;;;;;;;;;;;;;;;;;;;;;;;;;;;;40;;;;
395;2013;Smartphone app informs people of drone attacks;COMMUNITY;Communication;;;;;;;;;;;;;;;;16;;;;;;;;;;;;;12;;;;;;;;;21;;;;;;;;;30;;;;;;;;;;;;;;
396;2013;Social media platform speeds up gay rights;COMMUNITY;Inequality;;;;;5;;;;;10;;;;;;;;;;;;;;;;;;;;;;;;;;;;;;;;;;;;;;;;;;;;;38;;;;;;
397;2013;Solar lamps shed light on world’s darkest corners;HOME;Energy;;;3;;;;7;;;;;;;;;;;;;;;;;;;;;11;;;;15;;;;;;;;;;;;;;;;;;;;;;;;;;;;;
398;2013;Stop shopping – 3D-print your stuff instead;WORK;Digitalization;;;;;;;;;9;;;12;;;;;;;;;;;;;8;;;;;;;;;;;;;;;;24;;;;;;;;;;;;;;;;;;;;
399;2013;TAKING ON GLOBAL FOOD WASTE WITH A SIMPLE SHEET OF PAPER (FRESH PAPER);HOME;Sustainable living;;;;;;;;;;;;12;;;15;;;;;;;5;;;;;;11;;;;;;;;;;;;;;;;;;;;;;;;;;;;;;;;;
400;2013;The missing link to end the leading cause of child deaths;BODY;Health;;;3;;;;;;9;;;;;;;;;1;;;;;;;8;;;;;;;;;;;;;;;;;;;;;;;;;;;;;;;;;;;;
401;2013;TRIO OF LIFE-SAVING DEVICES REDUCE CHILDBIRTH MORTALITY;BODY;Safety;;;3;;;;;;;10;;;;;;;;1;;;;;;;;9;;;;;;;;;;;20;;;;;;;;;;30;;;;;;;;;;;;;;
402;2013;Tumbleweed toy seeks and destroys land mines;COMMUNITY;Safety;;;3;;;;;;;;;;;;;16;;;;;;;;;;9;;;;;;;;;;;;;22;;;;;;;;;;;;;;;;;;;;;;
403;2015;Aki: Literacy kit to empower thousands with financial education;PLAY_LEARNING;Education;1;;;4;;;;;;10;;;;;;;;;;;;;;;;;;;;;;;;;;19;;;;;;;;;28;29;30;;;;;;;;;;;;;;
404;2015;Ambulance Drone: Flying robot paramedics could save your life;WORK;Digitalization;;;;;;;;;9;;;;;;;;;;;;;;;;;;;;12;;;;;;;;20;;;;;;;;;;;;;;;;;;;;;;;;
405;2015;Be My Eyes: App crowdsources vision for the blind;BODY;Health;;;;;;;;;9;10;;;;;;;;;2;;;;;;;;;;12;;;;;;;;;;;;;25;;;;;;;;;;;;;;;;;;;
406;2015;Better Shelter Housing Unit: improving the lives of the displaced;HOME;Housing;1;;;;;;;;;10;;;;;;;;;;;;;;;;;10;;;;;;;17;;;;;;;;;;;;;30;;;;;;;;;;;;;;
407;2015;Bitcoin: Digital currency could empower the world’s unbanked;WORK;Money;;;;;;;;8;;10;;;;;;;;;;;;;;;;;;;12;;;;;;;19;;;;;;;;;;;;;;;;;;;;;;;;;
408;2015;Brck: Portable and rugged internet for rural areas;COMMUNITY;Communication;1;;;;;;;;;10;;;;;;;;;;;;;;;;;;;;;;;;;;;;21;;;;;;;;29;;;;;;;;;;;;;;;
409;2015;Coco: Ergonomic container prevents injuries for millions of coffee pickers;WORK;Working conditions;1;;3;;;;;8;;;;;;;;;;;;;;;;;;;;;;;;;;;;;;;22;23;;;;;;;;;;;;;;;;;;;;;
410;2015;ColaLife: A piggyback distribution strategy to improve global health;COMMUNITY;Infrastructure;;;3;;;;;;;;;;;;;;17;;;;;;;;;;;;;;;;;;;;20;;;;;;;;;;;;;;;;;;;;;;;;
411;2015;CrowdVoice: Bringing clarity to the world’s social movements;COMMUNITY;Communication;;;;4;;;;;;10;;;;;;16;;;;;;;;;;;;;12;;;;;;;;;;;;;;;;;29;30;;;;;;;;38;;;;;;
412;2015;Desolenator: Just add sun – new water purification technology to solve global crisis;HOME;Water;;;;;;6;;;;;;;;;;;;;;;;;;;;;;11;;;14;;;;18;;;;;;;;;;;;;;;;;;;;;;;;;;
413;2015;Duolingo: App teaches you a new language in 34 hours;PLAY_LEARNING;Education;;;;4;;;;8;;10;;;;;;;;;;;;;;;;;;;12;;;;;;;;;21;;;;;;;28;;30;;;;;;;;;;;;;;
414;2015;Embracing Life: Cooling Cap Protects Chemo Patients From Hair Loss;BODY;Health;;;3;;;;;;9;;;;;;;;;;;;;;;7;;;;;;;;;;;;;20;;;;;;;;;;;;;;;;;;;;;;;;
415;2015;Flexible Space: Optimise your living space with moving walls;HOME;Housing;;;;;;;;;;;;12;;;;;;;;;;;;;;;10;;;;;;;;;;;;;;;;;;;;;;;33;;;;;;;;;;;
416;2015;Foldscope: 50c paper microscope to revolutionise health education and diagnostics;PLAY_LEARNING;Education;;;3;4;;;;;;10;;;;;;;;;;3;;;;;;;;;12;;;;;;;;20;;;;;;;;;;30;;;;;;;;;;;;;;
417;2015;Google Cardboard: DIY virtually reality at home for under $10 US;PLAY_LEARNING;Digitalization;;;;;;;;;9;;;;;;;;;;;;;;;;;;;;12;;;;;;;;;;;;;;;;;29;30;;;;;;;;;;;;;;
418;2015;Google Self Driving Car Project: Lean back – the car does the driving;COMMUNITY;Transportation;;;;;;;;;9;;11;;;;;;;;;;;;;;;;;;12;13;;;;;;;;;;;;;;;;;;;;;;;;;;;;;;;
419;2015;Groasis Waterboxx: Self-watering trees reclaim desert land;COMMUNITY;Climate;;;;;;;;;;;;12;13;;15;;;;;;;5;;;;;;11;;;;;16;;;;;;;;;;;;;;;;;;;;;;;;;;;;
420;2015;Half The Sky Movement Game: From oppression to opportunity – raising awareness and funding;PLAY_LEARNING;Digitalization;1;;;4;5;;;;;10;;;;;;;17;;;;;;;;;;;;12;;;;;;;;;;;;;;;;28;;30;;;;;;;;;;;;;;
421;2015;Hazmat Suit: Revolutionary body suit protects Ebola workers;WORK;Working conditions;;;3;;;;;;;;;;;;;;;;;;;;;7;;9;;;;;;;;;;;;;22;;;;;;;;;;;;;;;;;;;;;;
422;2015;IKO: Kids customise their own prosthetics with LEGOs;BODY;Health;;;;;;;;;9;10;;;;;;;;;;;4;;;;;;;;12;;;;;;;;;;;;;;;;;;;;;;;;;;38;;;;;;
423;2015;Livelyhoods: Youth in African slums sell green consumer goods;WORK;Unemployment;1;;;4;;;;8;;;;;;;;;;;;;;;;;8;;;;;;;;;;;;;21;;;;;;;;;30;;;;;;;;;;;;;;
424;2015;Lumkani: Low-cost fire detector alerts entire communities;HOME;Safety;;;3;;;;;;;;;;;;;;;;;;;;;;;9;;;12;;;;;;;;;;;;;;;;;;;;;;;;;;;;;;;;
425;2015;New Hope Ecotech: New policy connects polluters with waste collectors;WORK;Poverty;1;;;;;;;;;;;12;;;;;;;;;;;;;8;;10;;;;;;;;;;;21;;;;;;;;;;;;;;;;;;;;;;;
426;2015;OkHi: A new address system to put people on the map;HOME;Digitalization;1;;;;;;;;;10;;;;;;;;;;;;;;;;;;;12;;;;;17;;;;21;;;;;;;;;;;;;;;;;;;;;;;
427;2015;Original Unverpackt: Packaging-free supermarket advances zero-waste movement;COMMUNITY;Enviroment;;;;;;;;;;;11;12;;;;;;;;;;;;;8;;;;;;;;;;;;;;;;;;;;;;;;;;;;;;;;;;;;
428;2015;Peek Retina: Smartphone Eye Exams Could reduce blindness by 80%;BODY;Health;;;3;;;;;;9;;;;;;;;;;;;;;;;;;;;12;;;;;;;;20;;;;;;;;;;;;;;;;;;;;;;;;
429;2015;Phonebloks: Build your own phone and reduce e-waste;HOME;Sustainable living;;;;;;;;;;;;12;;;;;;;;;;;;;8;;;;;;;;;;;;;;;;;;;;;;;;;;;;;;;;;;;;
430;2015;Post-Tsunami Plan: Plant a forest – shield your city;COMMUNITY;Enviroment;;;;;;;;;;;11;;13;;;;;;;;;;;;;;10;;;;;;;17;;;;;;;;;;;;;;;;;;;;;;;40;;;;
431;2015;Project Literacy: Global initiative aims to wipe out illiteracy by 2030;PLAY_LEARNING;Education;1;;;4;;;;8;;;;;;;;;;;;;;;;;;;;;;;;;;;;;;21;;;;;;;;;30;;;;;;;;;;;;;;
432;2015;Quirky: Startup platform buys your idea and develops it for you;WORK;Money;;;;;;;;;9;;;;;;;;;;;;;;;;;;;;12;;;;;;;;;;;;;;;;;;30;;;;;;;;;;;;;;
433;2015;Redesigning Breast Cancer Diagnostics: Process designers reduce breast cancer waiting lists by 90%;WORK;Working conditions;;;3;;;;;;;;;;;;;;;;;3;;;;;8;;;;;;;;;;;;;;;;;;;;;;;;;;;;;;;;;;;;
434;2015;Scio: New product scanner takes food transparency to the next level;PLAY_LEARNING;Digitalization;;;3;4;;;;;;;;12;;;;;;;;;;5;;;8;9;;;;;;;;;;;;;;;;;;;;;30;;;;;;;;;;;;;;
435;2015;Shower Of The Future: Eco-friendly system uses 90% less water;HOME;Water;;;;;;6;;;9;;;;;;;;;;;;;;;;;;;11;;;;;16;;;;;;;;;;;;;;;;;;;;;;;;;;;;
436;2015;Sky Urban Vertical Farming System: hydro-powered greenhouses bring farmland to the city;COMMUNITY;Enviroment;;2;;;;;;;9;;11;;;;15;;;;;;;5;;;;;;11;;;;;16;;;;;;;;;;;;;;;;;;;;;;;;;;;;
437;2015;Smart Contact Lenses: A tiny chip to change the lives of diabetics;BODY;Health;;;3;;;;;;9;;;;;;;;;;;;;;;7;;;;;;;;;;;;;;;;;;;;;;;;;;;;;;;;;;;;;
438;2015;Sokotext: Text message co-op helps drop healthy food prices;WORK;Digitalization;1;;;;;;;;;;;12;;;;;;;;;;;;;;;;;12;;;;;;;;;21;;;;;;;;;;;;;;;;;;;;;;;
439;2015;Solar Classroom In A Box: The future of education – solar learning labs transforming schools in Africa;PLAY_LEARNING;Education;;;;4;;;;;;10;;;;;;;;;;;;;;;;;;11;12;;14;;;;;;;;;;;;;27;;;;;;;;;;;;;;;;;
440;2015;Tesla Powerwall: Energy piggy bank makes homeowners self-sufficient;HOME;Energy;;;;;;;7;;;;;;;;;;;;;;;;;;;;;11;;;14;;;;;;;;;;;;;;;;;;;;;;;;;;;;;;
441;2015;The Divine Divas: Beauty and brains – pop-up salon educates African teens about reproductive health;PLAY_LEARNING;Education;;;3;4;;;;;;;;;;;;;;;;;;;;7;;9;;;;;;;;;;;;;;;;;;;;;30;31;32;;;;;;;;;;;;
442;2015;The Ocean Cleanup Array: Floating structures use currents to clean up the world’s oceans;COMMUNITY;Enviroment;;;;;;;;;;;;12;13;14;;;;;;;;;;;8;;;11;;;;;;;;;;;;;;;;;;;;;;;;;;;;;;;;43;
443;2015;The Silk Leaf: Man-made leaf to revolutionalise the air we breathe;HOME;Energy;;;;;;;;;;;;;13;;15;;;;;;;;;;;;;11;;;14;;;;;;;;;;;;;;;;;;;;;;;;;39;;;;;
444;2015;Thingiverse Groups: Online group platform democratises the world of 3D printing;PLAY_LEARNING;Digitalization;;;;;;;;;9;;;12;;;;;;;;;;;;;;;;;12;;;;;;;;;;;;24;25;;;;;30;;;;;;;;;;;;;;
445;2015;Ventum: Room to breathe – the future of pediatric respiratory treatment;BODY;Health;;;3;;;;;;9;;;;;;;;;1;;;;;;;;;;;;;;;;;;;;;;;;;;;;;;;;;;;;;;;;;;;
446;2015;Wristify: Wearable thermostat regulates your body temperature;BODY;Sustainable living;;;3;;;;;;9;;;;13;;;;;;;;;;;;8;;;;;;14;;;;;;;;;;;;;;;;;;;;;;;;;;;41;;;
447;2015;Yellowone Handsafe: Wearable alcohol dispenser prevents hospital deaths;WORK;Working conditions;;;3;;;;;;;;;;;;;;;;;;;;;7;;9;;;;;;;;;;;;;22;;;;;;;;;;;;;;;;;;;;;;
448;2015;ZeroFly® Storage Bag: a simple design to improve global food security;WORK;Money;1;;;;;;;;;;;12;;;;;;;;;;;;;;;;;;;;;;;;;;;22;;;;;;;;30;;;;;;;;;;;;;;